,OBJECTID_PUD,PUD_NAME,PUD_WEB_URL,PUD_CHANGE_NARRATIVE,PUD_ZONING,PUD_STATUS,PUD_CASE_NUMBER,SHAPEAREA,SHAPELEN,GLOBALID,WARD,CASE_ID,ADDRESS,PROJECT_NAME,STATUS_PUBLIC,AGENCY_CALCULATED,AFFORDABLE_UNITS_AT_0_30_AMI,AFFORDABLE_UNITS_AT_31_50_AMI,AFFORDABLE_UNITS_AT_51_60_AMI,AFFORDABLE_UNITS_AT_61_80_AMI,AFFORDABLE_UNITS_AT_81_AMI,TOTAL_AFFORDABLE_UNITS,MAR_WARD,Type,ANC,Total # Residential Units,Total # Affordable Units,Total # of 3 bedroom+ units (Fam sized units),Ownership (rental vs. condo or mix),Affordability notes (What levels of AMI% are avail),X,Y,OBJECTID_gr,LATITUDE,LONGITUDE,ADDRESS_ID,XCOORD,YCOORD,FULLADDRESS,GIS_LAST_MOD_DTTM
0,64148.0,Matthews Memorial,https://app.dcoz.dc.gov/Content/Search/ViewCaseReport.aspx?case_id=08-25,"Official Digital Zoning Map of July 1, 2010",C-2-A,Final,08-25,0.0,0.0,{50D62628-9A5B-4EFF-9851-1683799AC6DC},Ward 8,,,,,,,,,,,,,,,,,,,,,,,,,,,,,
1,64149.0,Sheridan Redevelopment LLC & DCHA,https://app.dcoz.dc.gov/Content/Search/ViewCaseReport.aspx?case_id=07-35C,Modification 9/10/12,"R-5-B, C-2-A",Final,07-35C,0.0,0.0,{258EEC8C-B25E-4963-9F58-03881A4D8395},Ward 8,,,,,,,,,,,,,,,,,,,,,,,,,,,,,
2,64150.0,Alpine Associates,https://app.dcoz.dc.gov/Content/Search/ViewCaseReport.aspx?case_id=88-9,"Official Digital Zoning Map of July 1, 2010",HR/C-3-C,Final,88-9,0.0,0.0,{6B38E561-708E-46C3-99F3-F6BBDBF57989},Ward 2,,,,,,,,,,,,,,,,,,,,,,,,,,,,,
3,64151.0,Parcel Seven Associates LLC ,https://app.dcoz.dc.gov/Content/Search/ViewCaseReport.aspx?case_id=10-03B,ZC Case  10-03B,None,Final,10-03B,0.0,0.0,{9276AF68-156B-4A15-AE0B-34C4E7F751E7},Ward 6,,,,,,,,,,,,,,,,,,,,,,,,,,,,,
4,64152.0,Stanton-Eastbanc LLC,https://app.dcoz.dc.gov/Content/Search/ViewCaseReport.aspx?case_id=11-24,Case # 11-24,C-2-B,Final,11-24,0.0,0.0,{CA3B26B3-34B7-4F6E-9D53-6125633DD0F6},Ward 6,11-24,"777 C St SE, Washington, District of Columbia 20003",Hine Junior High School (North LIHTC Residential),Completed 2015 to Date,DMPED DCHFA OP,5.0,0.0,29.0,12.0,0.0,46.0,Ward 6,  ,  ,  ,  ,  ,  ,  ,-76.99540437,38.88586022,142.0,38.88513446,-76.99592909,311940.0,400398.92,135334.82,777 C STREET SE,2019-02-11T04:00:24.000Z
5,64153.0,Salvation Army,https://app.dcoz.dc.gov/Content/Search/ViewCaseReport.aspx?case_id=92-16,"Official Digital Zoning Map of July 1, 2010",C-3-A,Final,92-16,0.0,0.0,{3F55487B-5830-4674-8040-25775309F506},Ward 5,,,,,,,,,,,,,,,,,,,,,,,,,,,,,
6,64154.0,Jemals Babes,https://app.dcoz.dc.gov/Content/Search/ViewCaseReport.aspx?case_id=10-23,Case # 10-23,C-3-A,Final,10-23,0.0,0.0,{1A8ECCD9-EB25-431D-A032-7A8DE46F12A3},Ward 3,10-23,"4600 Wisconsin Avenue, NW, Washington, District of Columbia",Tenley View,Completed 2015 to Date,DHCD OP,0.0,0.0,0.0,6.0,0.0,6.0,Ward 3,  ,  ,  ,  ,  ,  ,  ,-77.0808297,38.94995474,410.0,38.94994728,-77.08082739,264444.0,392993.63,142452.94,4600 WISCONSIN AVENUE NW,2019-02-11T04:00:24.000Z
7,64155.0,Capper/Carrollsburg Venture,https://app.dcoz.dc.gov/Content/Search/ViewCaseReport.aspx?case_id=03-12X/03-13X,"Official Digital Zoning Map of July 1, 2010",CR,Final,03-12X/03-13X,0.0,0.0,{38C31006-B274-42AC-8052-CB31C135895F},Ward 6,,,,,,,,,,,,,,,,,,,,,,,,,,,,,
8,64156.0,GWU - Foggy Bottom Campus,https://app.dcoz.dc.gov/Content/Search/ViewCaseReport.aspx?case_id=06-11,"Official Digital Zoning Map of July 1, 2010","R-5-D, R-5-E, SP-2, C-3-C, C-4",Final,06-11,0.0,0.0,{6914D065-E265-49D6-B0A3-4101BEF6713A},Ward 2,,,,,,,,,,,,,,,,,,,,,,,,,,,,,
9,64176.0,J River 1401 Pennsylvania Ave LLC,https://app.dcoz.dc.gov/Content/Search/ViewCaseReport.aspx?case_id=15-12,DC Register 4/28/16,C-2-B,Final,15-12,0.0,0.0,{86CBA105-2F71-421E-B3BE-2706F725CC67},Ward 6,15-12,"1433 Pennsylvania Avenue Southeast, Washington, District of Columbia 20003",1401 Pennsylvania Ave SE,Under Construction,OP,0.0,0.0,4.0,9.0,0.0,13.0,Ward 6,PUD,6B06,170-190,13,,mix,0.8,-3.509959817,-53.35000825,1298.0,401346.65,134636.49,,18441325.48,-9290878.646,,2019-02-11T04:00:24.000Z
10,64177.0,District of Columbia Water and Sewer Authority,https://app.dcoz.dc.gov/Content/Search/ViewCaseReport.aspx?case_id=15-14,Setdown 7/27/15,CG/CR,Final,15-14,0.0,0.0,{375B663D-F8A2-48D4-83FB-0CCAEB76F8A2},Ward 6,,,,,,,,,,,,,,,,,,,,,,,,,,,,,
11,64178.0,Level 2 Development,https://app.dcoz.dc.gov/Content/Search/ViewCaseReport.aspx?case_id=15-01A,"Approved DC Register 8/21/15, 4/14/2017",C-3-C,Final,15-01A,0.0,0.0,{045C64F5-29C3-4117-A93B-0E24645F5F44},Ward 5,,,,,,,,,,,,,,,,,,,,,,,,,,,,,
12,64179.0,"TBSC Owner I, LLC",https://app.dcoz.dc.gov/Content/Search/ViewCaseReport.aspx?case_id=15-20B,"DC Register 6/17/16, Time Extension 6/30/17, Modification 9/14/2018",C-3-C,Final,15-20B,0.0,0.0,{B53992E9-E9EC-455F-BB98-C7E4730BE0A0},Ward 6,,,,,,,,,,,,,,,,,,,,,,,,,,,,,
13,64180.0,Watkins Alley LLC,https://app.dcoz.dc.gov/Content/Search/ViewCaseReport.aspx?case_id=15-13,"Setdown case 11/9/15, Approved DC Register 10/21",R-5-B,Final,15-13,0.0,0.0,{386FC338-FFD6-4752-8BB4-3E0BB34C3628},Ward 6,15-13,"1309 E Street Southeast, Washington, District of Columbia 20003",Watkins Alley,Under Construction,DHCD OP,0.0,4.0,0.0,1.0,0.0,5.0,Ward 6,PUD,6B06,0,0,0,0,0,-76.98766137,38.88255592,1396.0,38.882548,-76.987659,317011.0,401070.76,134968.08,1309 E STREET SE,2019-02-11T04:00:24.000Z
14,64181.0,JBG/Boundary 1500 Hary Thomas LLC & JBG/Boundary Eckington Place LLC,https://app.dcoz.dc.gov/Content/Search/ViewCaseReport.aspx?case_id=15-15A,"Setdown 11/23/15, DC Register 1/23/17, 1/18/19",CR,Final,15-15A,0.0,0.0,{E220A180-DD24-4B8B-8738-00ACE13799D4},Ward 5,,,,,,,,,,,,,,,,,,,,,,,,,,,,,
15,64182.0,301 FL Manager LLC,https://app.dcoz.dc.gov/Content/Search/ViewCaseReport.aspx?case_id=15-22,Setdown 11/23/15,C-3-C,Final,15-22,0.0,0.0,{E1CEE404-9F6B-435E-8D36-0F62D3BD20CD},Ward 6,15-22,"301 Florida Ave NE, Washington, District of Columbia 20002",301 Florida Ave NE,Under Construction,DHCD OP,0.0,2.0,0.0,2.0,0.0,4.0,Ward 6,PUD,6C06,56 units,4,42 3bdrm units/7 4bdrm units,mix,0.8,-77.00179628,38.90738779,1206.0,38.907379999999996,-77.00179399999999,,399844.3976,137724.5427,,2019-02-11T04:00:24.000Z
16,64157.0,St. Elizabeths Hospital,https://app.dcoz.dc.gov/Content/Search/ViewCaseReport.aspx?case_id=04-08B,Case No. 04-08,SP-1,Final,04-08B,0.0,0.0,{0F37B932-7B71-4B9D-A3A1-E2273425FD8C},Ward 8,,,,,,,,,,,,,,,,,,,,,,,,,,,,,
17,64158.0,USL WDC H Street LLC & H Street Self Storage LLC,https://app.dcoz.dc.gov/Content/Search/ViewCaseReport.aspx?case_id=12-18B,"Official Digital Zoning Map of July 1, 2010","R-5-B, HS-H/C-2-B",Final,12-18B,0.0,0.0,{4EB74035-D843-454C-87B5-C153158BBE9E},Ward 6,,,,,,,,,,,,,,,,,,,,,,,,,,,,,
18,64159.0,Jemals Up Against the Wall,https://app.dcoz.dc.gov/Content/Search/ViewCaseReport.aspx?case_id=07-18F,"Official Digital Zoning Map of July 1, 2010. Z.C. Order 07-18 approved and finalized on 8/23/13.  ",None,Final,07-18F,0.0,0.0,{DA0C3D48-8DA6-4A41-839E-E9FD3994797B},Ward 2,,,,,,,,,,,,,,,,,,,,,,,,,,,,,
19,64160.0,Four Points LLC,https://app.dcoz.dc.gov/Content/Search/ViewCaseReport.aspx?case_id=08-07,"Case no. 08-07, Order no. 08-07 Approved 9/9/13",C-3-A,Final,08-07,0.0,0.0,{67EC2733-7566-459B-8507-B69B72DF4978},Ward 8,,,,,,,,,,,,,,,,,,,,,,,,,,,,,
20,64162.0,Capitol Gateway Marketplace,https://app.dcoz.dc.gov/Content/Search/ViewCaseReport.aspx?case_id=12-16,"Case # 12-16, Approved 9/30/13",C-2-A,Final,12-16,0.0,0.0,{71D7E4ED-C5AF-458B-B269-42717530BCAE},Ward 7,12-16,"5929 East Capitol Street Southeast, Washington, District of Columbia 20019",Capitol Gateway Marketplace,Pipeline,DCHA DCHFA DHCD OP,16.0,16.0,280.0,0.0,0.0,312.0,Ward 7,PUD,7C05,288,10% of total,only 1 & 2 bdrm units,0.6,0,-76.91494584,38.88929034,86.0,38.88928255,-76.91494358,,407379.23,135719.0175,,2019-02-11T04:00:24.000Z
21,64163.0,K Street Developers LLC,https://app.dcoz.dc.gov/Content/Search/ViewCaseReport.aspx?case_id=05-36G,Case # 05-36G 11/18/13,C-3-C,Final,05-36G,0.0,0.0,{70AF1D7A-A91E-4EA7-A89D-E2DF92E4EE4A},Ward 6,,,,,,,,,,,,,,,,,,,,,,,,,,,,,
22,64164.0,"Skyland Holdings, LLC",https://app.dcoz.dc.gov/Content/Search/ViewCaseReport.aspx?case_id=09-03E,"Zoning Case No. 09-03B Approved 12/9/13, Time Extension DC Register 12/16/16, Modification of Consequence 6/30/17",C-3-A,Final,09-03E,0.0,0.0,{2A94125E-C88F-4D09-94D6-E1B2653BF04F},Ward 7,,,,,,,,,,,,,,,,,,,,,,,,,,,,,
23,64165.0,Forest City Washington,https://app.dcoz.dc.gov/Content/Search/ViewCaseReport.aspx?case_id=13-05C,Case No. 13-05,"CG/CR, CG/W-1",Final,13-05C,0.0,0.0,{646F545A-3231-48F8-A1BD-FD9B181CFF95},Ward 6,,,,,,,,,,,,,,,,,,,,,,,,,,,,,
24,64166.0,O Street Roadside LLC,https://app.dcoz.dc.gov/Content/Search/ViewCaseReport.aspx?case_id=07-26F,"Official Digital Zoning Map of July 1, 2010. ZC Case # 07-26E, 8/30/2013.",C-3-C,Final,07-26F,0.0,0.0,{5078322B-688B-43CF-BBE7-0200E215D501},Ward 6,,,,,,,,,,,,,,,,,,,,,,,,,,,,,
25,64161.0,GWU - Site 77A,https://app.dcoz.dc.gov/Content/Search/ViewCaseReport.aspx?case_id=06-11J/06-12J,"Case 06-11J/06-12J, Approved July 25 2013",C-3-C,Final,06-11J/06-12J,0.0,0.0,{6D1E3ADD-8AEE-4CA3-8E98-31AA4891571C},Ward 2,,,,,,,,,,,,,,,,,,,,,,,,,,,,,
26,64167.0,1437-1451 Belmont Street N.W.,https://app.dcoz.dc.gov/Content/Search/ViewCaseReport.aspx?case_id=03-04,"Official Digital Zoning Map of July 1, 2010",None,Final,03-04,0.0,0.0,{600E9848-D1E5-4766-AD6A-58B825F174E8},Ward 1,,,,,,,,,,,,,,,,,,,,,,,,,,,,,
27,64168.0,2126 Wyoming Avenue NW,https://app.dcoz.dc.gov/Content/Search/ViewCaseReport.aspx?case_id=03-24,"Official Digital Zoning Map of July 1, 2010",R-5-D,Final,03-24,0.0,0.0,{510CB2D2-8A45-493E-A9E4-336AF5A3FE88},Ward 2,,,,,,,,,,,,,,,,,,,,,,,,,,,,,
28,64169.0,Abdo Development LLC,https://app.dcoz.dc.gov/Content/Search/ViewCaseReport.aspx?case_id=04-22A,"Official Digital Zoning Map of July 1, 2010",C-3-C,Final,04-22A,0.0,0.0,{CB7B4B27-F9E6-4F9F-BC4D-49189D33CFE7},Ward 6,,,,,,,,,,,,,,,,,,,,,,,,,,,,,
29,64170.0,2300 Pennsylvania Avenue LLC,https://app.dcoz.dc.gov/Content/Search/ViewCaseReport.aspx?case_id=07-16,"Official Digital Zoning Map of July 1, 2010",None,Final,07-16,0.0,0.0,{6CEE64D0-E5BF-48D0-84B5-820361BA8729},Ward 7,,,,,,,,,,,,,,,,,,,,,,,,,,,,,
30,64171.0,1210C R St LLC,https://app.dcoz.dc.gov/Content/Search/ViewCaseReport.aspx?case_id=04-13C,Setdown as Modification of Significance 09-17-18,R-5-B,Pending,04-13C,0.0,0.0,{36FD7B94-4AF8-4FFD-BF3B-4AF5D4E58EA6},Ward 2,,,,,,,,,,,,,,,,,,,,,,,,,,,,,
31,64172.0,Petworth Holdings LLC,https://app.dcoz.dc.gov/Content/Search/ViewCaseReport.aspx?case_id=06-02A,"Official Digital Zoning Map of July 1, 2010",C-3-A,Final,06-02A,0.0,0.0,{25229D27-53D5-4654-8125-2FF463FE4BF6},Ward 4,,,,,,,,,,,,,,,,,,,,,,,,,,,,,
32,64173.0,1000 Connecticut Avenue N.W.,https://app.dcoz.dc.gov/Content/Search/ViewCaseReport.aspx?case_id=06-13,"Official Digital Zoning Map of July 1, 2010",None,Final,06-13,0.0,0.0,{219FF908-526A-4764-9764-F2BEEE76612B},Ward 2,,,,,,,,,,,,,,,,,,,,,,,,,,,,,
33,64174.0,MRP Realty LLC,https://app.dcoz.dc.gov/Content/Search/ViewCaseReport.aspx?case_id=06-14F,"Official Digital Zoning Map of July 1, 2010",None,Final,06-14F,0.0,0.0,{FE97CD44-B8E3-4CFB-83F1-FC15301FD55A},Ward 5,,,,,,,,,,,,,,,,,,,,,,,,,,,,,
34,64175.0,"Washington Value Added I, LLC",https://app.dcoz.dc.gov/Content/Search/ViewCaseReport.aspx?case_id=06-29C,"Time Extension of PUD Lapsed, Expired in 2016",None,Expired,06-29C,0.0,0.0,{0EFEEB94-F876-459C-8470-149D991CA7B6},Ward 2,,,,,,,,,,,,,,,,,,,,,,,,,,,,,
35,64108.0,EastBanc-W.D.C. Partners LLC,https://app.dcoz.dc.gov/Content/Search/ViewCaseReport.aspx?case_id=11-12,Case # 11-12,CR,Final,11-12,0.0,0.0,{CF2D2B32-BD01-4270-B5D7-DB3A2DAF9AD2},Ward 2,11-12,"2300 M St NW, Washington, District of Columbia 20037",West End Parcels (Square 50 - West End Affordable),Completed 2015 to Date,DMPED DCHA DCHFA DHCD OP,3.0,0.0,52.0,0.0,0.0,55.0,Ward 2,  ,  ,  ,  ,  ,  ,  ,-77.05055386,38.90501242,292.0,38.90500497,-77.05055156,243314.0,395615.27,137462.07,2300 M STREET NW,2019-02-11T04:00:24.000Z
36,64109.0,National Academy of Sciences - Wisconsin Ave,https://app.dcoz.dc.gov/Content/Search/ViewCaseReport.aspx?case_id=86-4,"Official Digital Zoning Map of July 1, 2010",C-2-A,Final,86-4,0.0,0.0,{4CC90A9A-2AD7-4CD0-8EBD-597BEB196923},Ward 2,,,,,,,,,,,,,,,,,,,,,,,,,,,,,
37,64110.0,TC/CSG St. Matthews LLC,https://app.dcoz.dc.gov/Content/Search/ViewCaseReport.aspx?case_id=11-13A,"Case # 11-13, Approved July 6th 2012",CR,Final,11-13A,0.0,0.0,{DCAFCC95-D74C-4B29-AE73-CAE11F1BA7DF},Ward 6,,,,,,,,,,,,,,,,,,,,,,,,,,,,,
38,64111.0,Morris & Gwendolyn Cafritz Foundation,https://app.dcoz.dc.gov/Content/Search/ViewCaseReport.aspx?case_id=06-10C,Minor PUD Modification 9/5/14,"C-2-B, FT/C-2-B",Final,06-10C,0.0,0.0,{9A5C6849-A93C-4B59-881A-12C2FB21A584},Ward 5,,,,,,,,,,,,,,,,,,,,,,,,,,,,,
39,64112.0,"Karajoel, LLC",https://app.dcoz.dc.gov/Content/Search/ViewCaseReport.aspx?case_id=05-30C,"Official Digital Zoning Map of July 1, 2010",R-5-A,Final,05-30C,0.0,0.0,{59AF9E8D-8DF5-4610-8D5F-3AE53856533E},Ward 4,,,,,,,,,,,,,,,,,,,,,,,,,,,,,
40,64113.0,The Kennedy-Warren,https://app.dcoz.dc.gov/Content/Search/ViewCaseReport.aspx?case_id=96-7,"Official Digital Zoning Map of July 1, 2010",R-5-E,Final,96-7,0.0,0.0,{7C3763FE-6DD0-4820-9A95-0C771247D0D4},Ward 3,,,,,,,,,,,,,,,,,,,,,,,,,,,,,
41,64114.0,Florida Rock Properties Inc.,https://app.dcoz.dc.gov/Content/Search/ViewCaseReport.aspx?case_id=04-14E,Second Stage PUD 09/26/16,C-3-C,Final,04-14E,0.0,0.0,{2D835DFF-5227-45FA-A886-07E413BC7261},Ward 6,,,,,,,,,,,,,,,,,,,,,,,,,,,,,
42,64115.0,Brookland Artspace Lofts LLC,https://app.dcoz.dc.gov/Content/Search/ViewCaseReport.aspx?case_id=09-08A,"Official Digital Zoning Map of July 1, 2010",C-2-B,Final,09-08A,0.0,0.0,{8D6055F7-C798-4016-A347-286C56CB9CDE},Ward 5,,,,,,,,,,,,,,,,,,,,,,,,,,,,,
43,64116.0,Adams Morgan Church Hotel LLC,https://app.dcoz.dc.gov/Content/Search/ViewCaseReport.aspx?case_id=11-17,Case # 11-17,C-2-B,Final,11-17,0.0,0.0,{C3F0778A-FFB2-4C97-A9B3-72382C0EFE2C},Ward 1,,,,,,,,,,,,,,,,,,,,,,,,,,,,,
44,64117.0,4805 Van Ness Street N.W. - Dixon,https://app.dcoz.dc.gov/Content/Search/ViewCaseReport.aspx?case_id=94-16,"Official Digital Zoning Map of July 1, 2010",R-4,Final,94-16,0.0,0.0,{113E4AF2-F882-4910-8E68-01BD24A45D53},Ward 3,,,,,,,,,,,,,,,,,,,,,,,,,,,,,
45,64118.0,1331 L Street N.W.,https://app.dcoz.dc.gov/Content/Search/ViewCaseReport.aspx?case_id=94-1,"Official Digital Zoning Map of July 1, 2010",C-4,Final,94-1,0.0,0.0,{9FB1720E-4892-4999-B544-7A51A8AF70E2},Ward 2,,,,,,,,,,,,,,,,,,,,,,,,,,,,,
46,64119.0,1301 L Street N.W.,https://app.dcoz.dc.gov/Content/Search/ViewCaseReport.aspx?case_id=96-6,"Official Digital Zoning Map of July 1, 2010",C-4,Final,96-6,0.0,0.0,{EBE948A9-4F7B-4A8F-8E43-7F7F5E4E1281},Ward 2,,,,,,,,,,,,,,,,,,,,,,,,,,,,,
47,64120.0,3910 Georgia Ave. Associates et al.,https://app.dcoz.dc.gov/Content/Search/ViewCaseReport.aspx?case_id=08-08A,Minor Modification 2/28/2011,C-3-A,Final,08-08A,0.0,0.0,{A8272F77-6E49-41B5-8B99-2A7A811D9DCE},Ward 4,,,,,,,,,,,,,,,,,,,,,,,,,,,,,
48,64121.0,14th & V Streets N.W.,https://app.dcoz.dc.gov/Content/Search/ViewCaseReport.aspx?case_id=03-26,"Official Digital Zoning Map of July 1, 2010",None,Final,03-26,0.0,0.0,{7FF45E2A-DC80-43FA-969A-74F638EBD140},Ward 1,,,,,,,,,,,,,,,,,,,,,,,,,,,,,
49,64122.0,St. Lukes Condominiums LLC,https://app.dcoz.dc.gov/Content/Search/ViewCaseReport.aspx?case_id=02-50A,"Official Digital Zoning Map of July 1, 2010",NO/R-1-B,Final,02-50A,0.0,0.0,{0F884E9B-C730-47EE-8334-6A06078A7AFB},Ward 3,,,,,,,,,,,,,,,,,,,,,,,,,,,,,
50,64126.0,Chesapeake Apartments,https://app.dcoz.dc.gov/Content/Search/ViewCaseReport.aspx?case_id=86-33,"Official Digital Zoning Map of July 1, 2010",None,Final,86-33,0.0,0.0,{CCA63A98-C551-4B4B-81DD-E7A4E4ACD005},Ward 3,,,,,,,,,,,,,,,,,,,,,,,,,,,,,
51,64127.0,Judiciary Center LP,https://app.dcoz.dc.gov/Content/Search/ViewCaseReport.aspx?case_id=81-21,"Official Digital Zoning Map of July 1, 2010",C-3-C,Final,81-21,0.0,0.0,{9551370E-B31F-4F5A-98FE-2EEE788A0A4F},Ward 2,,,,,,,,,,,,,,,,,,,,,,,,,,,,,
52,64128.0,Broadcast Center Partners LLC,https://app.dcoz.dc.gov/Content/Search/ViewCaseReport.aspx?case_id=07-07C,"Official Digital Zoning Map of July 1, 2010",ARTS/C-2-C,Final,07-07C,0.0,0.0,{29BA8352-E365-47FB-B3A2-F77A5E29CF49},Ward 1,,,,,,,,,,,,,,,,,,,,,,,,,,,,,
53,64123.0,5333 Wisconsin Avenue NW,https://app.dcoz.dc.gov/Content/Search/ViewCaseReport.aspx?case_id=96-13,"Official Digital Zoning Map of July 1, 2010","R-5-C, C-3-B",Final,96-13,0.0,0.0,{46FB7FCC-C68D-4E2C-8969-A59D95111B0F},Ward 3,,,,,,,,,,,,,,,,,,,,,,,,,,,,,
54,64124.0,Hillandale Homeowners Association,https://app.dcoz.dc.gov/Content/Search/ViewCaseReport.aspx?case_id=85-10B,"Official Digital Zoning Map of July 1, 2010",R-1-B,Final,85-10B,0.0,0.0,{9ADD7FA9-78C4-417C-AC0C-10C28D368665},Ward 3,,,,,,,,,,,,,,,,,,,,,,,,,,,,,
55,64125.0,World Wildlife Fund Inc.,https://app.dcoz.dc.gov/Content/Search/ViewCaseReport.aspx?case_id=84-19A,"Official Digital Zoning Map of July 1, 2010",None,Final,84-19A,0.0,0.0,{5E87802A-3E62-4A86-98E8-B64EBFEDEBED},Ward 2,,,,,,,,,,,,,,,,,,,,,,,,,,,,,
56,64129.0,Fort Lincoln/Gateway Village LLC,https://app.dcoz.dc.gov/Content/Search/ViewCaseReport.aspx?case_id=06-08D,"Official Digital Zoning Map of July 1, 2010",None,Final,06-08D,0.0,0.0,{AE59A603-8D03-47B9-A7D6-5A37515AB3DE},Ward 5,,,,,,,,,,,,,,,,,,,,,,,,,,,,,
57,64130.0,3321 Georgia LLC,https://app.dcoz.dc.gov/Content/Search/ViewCaseReport.aspx?case_id=10-26A,Order 10-26 Approved 04/11/2011,GA/C-2-B,Final,10-26A,0.0,0.0,{C061903A-1313-4BC6-8E15-571B0294354C},Ward 1,,,,,,,,,,,,,,,,,,,,,,,,,,,,,
58,64131.0,Hazle II LLC,https://app.dcoz.dc.gov/Content/Search/ViewCaseReport.aspx?case_id=10-29,Case # 10-29,R-5-B,Withdrawn,10-29,0.0,0.0,{E0F269A4-18C3-4A10-A795-218078BADF24},Ward 8,,,,,,,,,,,,,,,,,,,,,,,,,,,,,
59,64132.0,Duball Petworth LLC,https://app.dcoz.dc.gov/Content/Search/ViewCaseReport.aspx?case_id=11-09,Final Order entered 2/2/2012,GA/C-3-A,Final,11-09,0.0,0.0,{9E9EF503-A242-4A73-8B9E-016F34BCF4F6},Ward 4,,,,,,,,,,,,,,,,,,,,,,,,,,,,,
60,64133.0,MCREF Embassy LLC,https://app.dcoz.dc.gov/Content/Search/ViewCaseReport.aspx?case_id=11-08C,"Case # 11-08, order final 3/9/2012, PUD Extention October 17,2014, DC Register 8/3/18",R-5-D,Final,11-08C,0.0,0.0,{D6F0CDF2-06C7-4B07-925A-267BD96C41F6},Ward 1,,,,,,,,,,,,,,,,,,,,,,,,,,,,,
61,64134.0,B&B 50 Florida Avenue LLC,https://app.dcoz.dc.gov/Content/Search/ViewCaseReport.aspx?case_id=12-02A,Case # 12-02,C-3-B,Final,12-02A,0.0,0.0,{0BDE7797-C5E7-4353-8033-BD29C005DC76},Ward 5,,,,,,,,,,,,,,,,,,,,,,,,,,,,,
62,64135.0,Anacostia Gateway Government Center,https://app.dcoz.dc.gov/Content/Search/ViewCaseReport.aspx?case_id=05-03A,"Official Digital Zoning Map of July 1, 2010",C-3-A,Final,05-03A,0.0,0.0,{BE221E77-C772-42FD-BF17-E6C8F6137A41},Ward 8,,,,,,,,,,,,,,,,,,,,,,,,,,,,,
63,64139.0,"WASHREIT Watergate 600 OP, LP",https://app.dcoz.dc.gov/Content/Search/ViewCaseReport.aspx?case_id=62-19B,"Official Digital Zoning Map of July 1, 2010",SP-2,Final,62-19B,0.0,0.0,{A25D1ED1-3A92-456A-80F8-E0FB78316E59},Ward 2,,,,,,,,,,,,,,,,,,,,,,,,,,,,,
64,64136.0,"Cathedral Commons Partners, LLC",https://app.dcoz.dc.gov/Content/Search/ViewCaseReport.aspx?case_id=08-15A,Modification 9/26/16,C-2-A,Final,08-15A,0.0,0.0,{CBE9203F-D56A-4A05-A719-DF2B1A81BFBB},Ward 3,,,,,,,,,,,,,,,,,,,,,,,,,,,,,
65,64137.0,Station Place,https://app.dcoz.dc.gov/Content/Search/ViewCaseReport.aspx?case_id=03-31,"Official Digital Zoning Map of July 1, 2010",C-3-C,Final,03-31,0.0,0.0,{AC3092FD-C99B-49D8-A606-E78829EACF40},Ward 6,,,,,,,,,,,,,,,,,,,,,,,,,,,,,
66,64138.0,The Nannie Helen at 4800,https://app.dcoz.dc.gov/Content/Search/ViewCaseReport.aspx?case_id=10-11,"PUD Approved Sept. 23, 2010",C-2-A,Final,10-11,0.0,0.0,{9B4EDEF0-A4F1-41A1-88F8-A32E92DCD685},Ward 7,,,,,,,,,,,,,,,,,,,,,,,,,,,,,
67,64140.0,4L Associates Joint Venture,https://app.dcoz.dc.gov/Content/Search/ViewCaseReport.aspx?case_id=80-17,"Official Digital Zoning Map of July 1, 2010",R-5-A,Final,80-17,0.0,0.0,{F6ECDB5B-3E9F-4A99-96E8-909464D7FCCF},Ward 5,,,,,,,,,,,,,,,,,,,,,,,,,,,,,
68,64141.0,Bozutto Group,https://app.dcoz.dc.gov/Content/Search/ViewCaseReport.aspx?case_id=08-24C/04-25,PUD Modification July 2018,"C-2-B, R-5-B",Final,08-24C/04-25,0.0,0.0,{0A3A3FF3-E491-420F-8720-FE566DA811E9},Ward 5,,,,,,,,,,,,,,,,,,,,,,,,,,,,,
69,64142.0,National Academy of Sciences - Fifth Street,https://app.dcoz.dc.gov/Content/Search/ViewCaseReport.aspx?case_id=01-34,"Official Digital Zoning Map of July 1, 2010",C-3-C,Final,01-34,0.0,0.0,{83E55AE8-4A20-4587-8AFA-48853EF1041A},Ward 2,,,,,,,,,,,,,,,,,,,,,,,,,,,,,
70,64143.0,Baywood Hotels,https://app.dcoz.dc.gov/Content/Search/ViewCaseReport.aspx?case_id=11-25,Case # 11-25,C-3-C,Final,11-25,0.0,0.0,{05675A38-33B7-437B-9D42-7187DAEA22F9},Ward 5,,,,,,,,,,,,,,,,,,,,,,,,,,,,,
71,64144.0,3rd & M and Park Inn Associates LP,https://app.dcoz.dc.gov/Content/Search/ViewCaseReport.aspx?case_id=12-14,"Official Digital Zoning Map of July 1, 2010, Approved 3/14/14",R-5-D,Final,12-14,0.0,0.0,{DAFF8954-FF45-44CD-9C3B-C04473512D46},Ward 6,,,,,,,,,,,,,,,,,,,,,,,,,,,,,
72,64145.0,Lowell School,https://app.dcoz.dc.gov/Content/Search/ViewCaseReport.aspx?case_id=97-16D,"Official Digital Zoning Map of July 1, 2010, DC Register 5/26/2017",R-1-A,Final,97-16D,0.0,0.0,{1E1C929C-FB2D-402D-B53D-CBFBF8F619FB},Ward 4,,,,,,,,,,,,,,,,,,,,,,,,,,,,,
73,64146.0,Prospect Joint Venture,https://app.dcoz.dc.gov/Content/Search/ViewCaseReport.aspx?case_id=85-8,"Official Digital Zoning Map of July 1, 2010",R-5-A,Final,85-8,0.0,0.0,{AA0D3940-F7B0-4CFB-BB8D-6268F8261A48},Ward 3,,,,,,,,,,,,,,,,,,,,,,,,,,,,,
74,64147.0,Unified Communications Center,https://app.dcoz.dc.gov/Content/Search/ViewCaseReport.aspx?case_id=01-36,"Official Digital Zoning Map of July 1, 2010",C-2-B,Final,01-36,0.0,0.0,{ED9F2B04-084A-4251-97AE-E9236BF25473},Ward 8,,,,,,,,,,,,,,,,,,,,,,,,,,,,,
75,64183.0,Kenilworth Revitalization LLC & DCHA,https://app.dcoz.dc.gov/Content/Search/ViewCaseReport.aspx?case_id=15-21,"Setdown 12/15/15, DC Register 1/23/17","R-5-B, C-2-A",Final,15-21,0.0,0.0,{DCE73623-F77A-4580-A8D2-A0C26EC83825},Ward 7,,,,,,,,,,,,,,,,,,,,,,,,,,,,,
76,64184.0,411 New York Ave Holdings LLC,https://app.dcoz.dc.gov/Content/Search/ViewCaseReport.aspx?case_id=15-19,"Setdown 11/23/15, DC Register 12/23/16",C-3-C,Final,15-19,0.0,0.0,{1374F28A-00F0-4C95-8BF9-DCD7C0CD4585},Ward 5,,,,,,,,,,,,,,,,,,,,,,,,,,,,,
77,64185.0,Gallaudet University & The JBG Companies,https://app.dcoz.dc.gov/Content/Search/ViewCaseReport.aspx?case_id=15-24,Setdown 2/8/16,"C-3-A, C-3-C",Final,15-24,0.0,0.0,{D7FD2B4E-2A7A-463A-B6F6-959712F85AAE},Ward 5,15-24,"1275 5th Street Northeast, Washington, District of Columbia 20002",6th Street and Florida Ave NE,Pipeline,OP,0.0,0.0,45.0,100.0,0.0,145.0,Ward 5,PUD,5D01,Gallaudet Campus,0,0,0,0,-81.52919213,37.57726919,1293.0,,,,0.0,0.0,,2019-02-11T04:00:24.000Z
78,64262.0,Stanton Square LLC,https://app.dcoz.dc.gov/Content/Search/ViewCaseReport.aspx?case_id=13-09B,"Setdown 7/27/15, Approved 4/11/16, DC Register 2/2/18","R-5-A, SP-1",Final,13-09B,0.0,0.0,{22A1BE99-FD21-48EA-B21D-73E99A8C8826},Ward 8,,,,,,,,,,,,,,,,,,,,,,,,,,,,,
79,64263.0,P.N. Hoffman Inc & Riverside Baptist Church,https://app.dcoz.dc.gov/Content/Search/ViewCaseReport.aspx?case_id=15-05,DC Register 3/18/16,C-3-A,Final,15-05,0.0,0.0,{5AC4625B-8A50-4F0B-9701-4AE4B9585A8B},Ward 6,15-05,"680 I Street Southwest, Washington, District of Columbia 20024",Riverside Baptist Church Development (The Banks),Under Construction,DHCD OP,0.0,9.0,0.0,12.0,0.0,21.0,Ward 6,PUD,6D01,167,20,,mix,0.8,-77.02192129,38.87887078,1179.0,38.878863,-77.021919,,398098.0979,134559.1578,,2019-02-11T04:00:24.000Z
80,64264.0,Parkside Residential LLC,https://app.dcoz.dc.gov/Content/Search/ViewCaseReport.aspx?case_id=05-28P,Second Stage PUD,"C-3-A, CR",Final,05-28P,0.0,0.0,{16EF192B-0B46-40A6-8553-449BC8A3AE2E},Ward 7,,,,,,,,,,,,,,,,,,,,,,,,,,,,,
81,64266.0,Parkside Residential LLC,https://app.dcoz.dc.gov/Content/Search/ViewCaseReport.aspx?case_id=05-28P,PUD Modification,"C-3-A, CR",Final,05-28N,0.0,0.0,{68A5085A-326B-4405-B676-A14744F10806},Ward 7,,,,,,,,,,,,,,,,,,,,,,,,,,,,,
82,64267.0,"Lano Parcel 12, LLC & Parkside Residential, LLC",https://app.dcoz.dc.gov/Content/Search/ViewCaseReport.aspx?case_id=05-280,Time Extension,"C-3-A, CR",Final,05-28O,0.0,0.0,{C067F453-8599-4F63-82D2-F196BC2EC3A2},Ward 7,,,,,,,,,,,,,,,,,,,,,,,,,,,,,
83,64268.0,DC Primary Care Association,https://app.dcoz.dc.gov/Content/Search/ViewCaseReport.aspx?case_id=05-28I,PUD Modification,"C-3-A, CR",Final,05-28I,0.0,0.0,{2B948275-FDD2-4987-8D88-BECD40B089E6},Ward 7,,,,,,,,,,,,,,,,,,,,,,,,,,,,,
84,64265.0,Parkside Residential LLC,https://app.dcoz.dc.gov/Content/Search/ViewCaseReport.aspx?case_id=05-28A,Second Stage PUD,"C-3-A, CR",Final,05-28A,0.0,0.0,{6E6ACA69-1383-4841-9B96-163593AF0B15},Ward 7,,,,,,,,,,,,,,,,,,,,,,,,,,,,,
85,64269.0,SCCI Parkside One LLC,https://app.dcoz.dc.gov/Content/Search/ViewCaseReport.aspx?case_id=05-28T,Second Stage PUD,"C-3-A, CR",Final,05-28T,0.0,0.0,{80553D27-A723-4F8D-8F68-9793133BD3CF},Ward 7,,,,,,,,,,,,,,,,,,,,,,,,,,,,,
86,64270.0,3840 S Capitol LLC and 3848 S Capitol LLC,https://app.dcoz.dc.gov/Content/Search/ViewCaseReport.aspx?case_id=18-14,Setdown 10/22/18,RA-2,Pending,18-14,0.0,0.0,{9ADA72D0-2F1B-49E5-AE88-B95F154B64CF},Ward 8,18-14,,3840 - 3848 South Capitol Street,Pipeline,OP,23.0,0.0,83.0,0.0,0.0,106.0,,map amendment,1B02,0,0,0,0,0,-81.52919213,37.57726919,1530.0,,,,0.0,0.0,,2019-02-11T04:00:24.000Z
87,64271.0,Hanover R.S. Limited Partnership,https://app.dcoz.dc.gov/Content/Search/ViewCaseReport.aspx?case_id=18-21,Setdown 12/17/18,MU-4,Pending,18-21,0.0,0.0,{FB5278DA-5567-49C4-A95F-28F793A7F9EF},Ward 5,18-21,"3201 8th Street Northeast, Washington, District of Columbia 20017",3201 8th Street NE,Pipeline,OP,3.0,0.0,36.0,6.0,0.0,45.0,,map amendment,1B02,0,0,0,0,0,-76.99470495,38.92971003,1543.0,,,289586.0,400459.32,140202.51,3201 8TH STREET NE,2019-02-11T04:00:24.000Z
88,64272.0,"Wesley Hawaii, LLC",https://app.dcoz.dc.gov/Content/Search/ViewCaseReport.aspx?case_id=19-01,Setdown 3/25/19,RA-2,Pending,19-01,0.0,0.0,{64F7CA1B-EE45-4FF8-BBEF-870D5FBAE385},Ward 5,19-01,,1 Hawaii Avenue NE,Pipeline,OP,19.0,0.0,40.0,19.0,0.0,78.0,,map amendment,1B02,0,0,0,0,0,-81.52919213,37.57726919,1535.0,,,,0.0,0.0,,2019-02-11T04:00:24.000Z
89,64273.0,"300 Morse CPK Owner, LLC, 350 Morse CPK Owner C2, LLC, 350 Morse CPK Owner, LLC, Grosvenor USA Limited & Carr Properties OS, LLC",https://app.dcoz.dc.gov/Content/Search/ViewCaseReport.aspx?case_id=15-27A,DC Register Setdown 4/08/2019,C-3-C,Pending,15-27A,0.0,0.0,{2154E7C0-CA40-40ED-A99D-F2511ADCA9F7},Ward 5,15-27A,"350 Morse Street Northeast, Washington, District of Columbia 20002",350 Morse Street,Under Construction,OP,0.0,0.0,1.0,48.0,0.0,49.0,Ward 5,PUD,5D01,"1,103 units",8% of total,,0,50-80%,-8.589981397,1.5100013280000002,1458.0,399961.51,137871.41,,8810326.639,-983427.728,,2019-02-11T04:00:24.000Z
90,64274.0,Valor Development LLC,https://app.dcoz.dc.gov/Content/Search/ViewCaseReport.aspx?case_id=19-10,"Setdown June 10, 2019",None,Pending,19-10,0.0,0.0,{03986F6C-A973-4F91-917B-6A0A16639150},Ward 3,,,,,,,,,,,,,,,,,,,,,,,,,,,,,
91,64275.0,Hillandale Mansion,https://app.dcoz.dc.gov/Content/Search/ViewCaseReport.aspx?case_id=89-10,ZC Case #89-10,R-4,Final,89-10,0.0,0.0,{BBA500C4-85BB-41AE-9CB6-D0A0E224EAD3},Ward 2,,,,,,,,,,,,,,,,,,,,,,,,,,,,,
92,64276.0,Mid-City Financial Corporation,https://app.dcoz.dc.gov/Content/Search/ViewCaseReport.aspx?case_id=14-18A,DC Register 4/13/18,RA-1,Final,14-18A,0.0,0.0,{962A6849-BF6F-4841-B22F-C1A701E4E228},Ward 5,14-18A,,Brookland Manor,Pipeline,OP,265.0,0.0,0.0,66.0,0.0,331.0,Ward 5,Modification,5C06,0,0,0,0,0,-81.52919213,37.57726919,1274.0,,,,0.0,0.0,,2019-02-11T04:00:24.000Z
93,64248.0,Mid-City Financial Corporation & Brentwood Associates LP & MCF Brentwood SC LLC,https://app.dcoz.dc.gov/Content/Search/ViewCaseReport.aspx?case_id=14-18A, PUD Modification 11/14/16 ,C-2-A/R-5-B,Final,14-18A,0.0,0.0,{1D84472E-5926-4F1A-A914-56841B38988B},Ward 5,14-18A,,Brookland Manor,Pipeline,OP,265.0,0.0,0.0,66.0,0.0,331.0,Ward 5,Modification,5C06,0,0,0,0,0,-81.52919213,37.57726919,1274.0,,,,0.0,0.0,,2019-02-11T04:00:24.000Z
94,64277.0,"Four Points, LLC",https://app.dcoz.dc.gov/Content/Search/ViewCaseReport.aspx?case_id=08-07C,DC Register 11/9/18 (second stage PUD),C-3-A,Final,08-07C,0.0,0.0,{AEAF5A59-DB7A-4A4A-9444-C83C03915D4D},Ward 8,,,,,,,,,,,,,,,,,,,,,,,,,,,,,
95,64186.0,"Providence Place I, LP",https://app.dcoz.dc.gov/Content/Search/ViewCaseReport.aspx?case_id=17-08,Setdown 6/12/17,RA-2,Final,17-08,0.0,0.0,{9498D095-1D67-44F0-A65C-0695B7660280},Ward 7,17-08,"601 50th Street Northeast, Washington, District of Columbia 20019",Fitch and 50th Streets NE - residential,Under Construction,OP,35.0,0.0,65.0,0.0,0.0,100.0,Ward 7,PUD,7C01,100,100,9 3bdrm units,0.6,0,-76.92908946,38.89664667,1269.0,,,289784.0,406151.54,136534.58,601 50TH STREET NE,2019-02-11T04:00:24.000Z
96,64187.0,George Washington University & Boston Properties,https://app.dcoz.dc.gov/Content/Search/ViewCaseReport.aspx?case_id=06-12O,"Setdown 6/25/17, DC Register 7/27/18",MU-30,Final,06-11O/06-12O,0.0,0.0,{7CEAFB32-9FF0-429E-BA33-F46D0BDA8DE5},Ward 2,,,,,,,,,,,,,,,,,,,,,,,,,,,,,
97,64188.0,The Warrenton Group,https://app.dcoz.dc.gov/Content/Search/ViewCaseReport.aspx?case_id=06-12O,Setdown 6/25/17,MU-5A,Final,17-10,0.0,0.0,{0E76F7D7-F688-4095-8196-8047E171A7A2},Ward 7,17-10,"5127 Nannie Helen Burroughs Avenue Northeast, Washington, District of Columbia 20019","5127 Nannie Helen Burroughs Ave NE, Strand",Pipeline,OP,0.0,0.0,86.0,0.0,0.0,86.0,Ward 6,PUD,7C01,86,86,1& 2 bdrm,0.6,0,-76.92616070000001,38.89813241,1267.0,,,288522.0,406405.47,136699.71,5127 NANNIE HELEN BURROUGHS AVENUE NE,2019-02-11T04:00:24.000Z
98,64189.0,EAJ 400 Florida Avenue LLC,https://app.dcoz.dc.gov/Content/Search/ViewCaseReport.aspx?case_id=16-10,DC Register 5/5/17,C-3-C,Final,16-10,0.0,0.0,{A7C3FCEC-7900-49BE-992C-C1731F70FAF0},Ward 5,16-10,"400 Florida Avenue Northeast, Washington, District of Columbia 20002",400 Florida Avenue NE,Under Construction,OP,0.0,0.0,7.0,7.0,0.0,14.0,Ward 5,PUD,5D01,110,12% of total,,mix,50-80%,-174.80001380000002,39.35000091,1282.0,399999.35,137705.2,,-6507495.432,4286815.066000001,,2019-02-11T04:00:24.000Z
99,64190.0,KF Morse LLC,https://app.dcoz.dc.gov/Content/Search/ViewCaseReport.aspx?case_id=15-27,"Application 10/16/15, Approved DC Regsiter 7/21/17",C-3-C,Final,15-27,0.0,0.0,{FB35DDFE-C52C-4FA5-AA07-10EFCCCF556A},Ward 5,15-27,"350 Morse Street Northeast, Washington, District of Columbia 20002","300 - 350 Morse Street NE, Florida Ave Market - stage 1",Under Construction,OP,0.0,0.0,31.0,31.0,0.0,62.0,Ward 5,PUD,5D01,"1,103 units",8% of total,,0,50-80%,-8.589981396,1.500001326,1291.0,399961.5,137871.41,,8811242.132000001,-984411.66,,2019-02-11T04:00:24.000Z
100,64191.0,Capital Vista Community PArtners & District of Columbia,https://app.dcoz.dc.gov/Content/Search/ViewCaseReport.aspx?case_id=17-06,Setdown 5/22/17,D-4-R,Final,17-06,0.0,0.0,{9CB79089-DD2C-4195-99C7-D5DA44C89857},Ward 6,17-06,"888 New Jersey Avenue Southeast, Washington, District of Columbia 20003",Capitol Vista,Under Construction,DMPED DHCD OP,21.0,83.0,88.0,0.0,0.0,192.0,Ward 6,PUD,6e07,104,ALL,,"16 units for 30%, 16 units for 50%, 72 units for 60%",0,-77.01329729,38.90021479,1247.0,38.900207,-77.013295,,398846.7437,136928.3641,,2019-02-11T04:00:24.000Z
101,64192.0,"GG Union LP, 1250 4th St LLC & 4th st NE LLC",https://app.dcoz.dc.gov/Content/Search/ViewCaseReport.aspx?case_id=14-07B,"Setdown 1/30/2017, DC Register 12/22/17",C-3-C,Final,14-07B,0.0,0.0,{6B41C7C6-B8DB-4CA7-A270-84807DE85F67},Ward 5,,,,,,,,,,,,,,,,,,,,,,,,,,,,,
102,64193.0,"Wharf Phase 3 REIT Leaseholder, LLC",https://app.dcoz.dc.gov/Content/Search/ViewCaseReport.aspx?case_id=11-03J,Setdown 7/24/17,"C-3-C, R-5-B, W-1",Final,11-03J,0.0,0.0,{73F3CC19-3DB6-4DB4-BB09-5732879D168F},Ward 6,11-03J,"1100 Maine Avenue Southwest, Washington, District of Columbia 20024",The Wharf (Southwest Waterfront) Phase II,Pipeline,DMPED DHCD OP,0.0,0.0,50.0,0.0,0.0,50.0,Ward 6,  ,  ,  ,  ,  ,  ,  ,-77.02809449,38.88143985,1536.0,,,302697.0,397562.54,134844.49,1100 MAINE AVENUE SW,2019-02-11T04:00:24.000Z
103,64194.0,"FP Eckington Holdings, LLC",https://app.dcoz.dc.gov/Content/Search/ViewCaseReport.aspx?case_id=17-09,Setdown 7/24/17,MU-5A,Final,17-09,0.0,0.0,{4CA116A3-9190-4FC5-AD21-3E3E1FCFF748},Ward 5,17-09,"1501 Harry Thomas Way Northeast, Washington, District of Columbia 20002","1501 Harry Thomas Way, Eckington Park",Pipeline,OP,0.0,0.0,23.0,0.0,0.0,23.0,Ward 5,PUD,5e03,328,14? ,0,this file wasnt clear on affordable housing,0,-77.00158283,38.91196194,1268.0,,,315791.0,399862.92,138232.31,1501 HARRY THOMAS WAY NE,2019-02-11T04:00:24.000Z
104,64195.0,The Warrenton Group & NHP Foundation,https://app.dcoz.dc.gov/Content/Search/ViewCaseReport.aspx?case_id=17-19,"Setdown 12/11/17, DC Register 7/6/18",MU-4,Final,17-19,0.0,0.0,{176EFE6A-7B6F-4B2F-A193-631F180A71BB},Ward 7,17-19,"5110 Nannie Helen Burroughs Avenue Northeast, Washington, District of Columbia 20019",Deanwood Town Center,Pipeline,DMPED DHCD OP,61.0,0.0,104.0,18.0,0.0,183.0,Ward 7,PUD,7C01,183,61,"32 3bdrm, 6 4bdrm,2 5bdrm units",0.6,0,-76.92699012,38.8987074,1232.0,38.8987,-76.926988,288501.0,406333.47,136763.48,5110 NANNIE HELEN BURROUGHS AVENUE NE,2019-02-11T04:00:24.000Z
105,64196.0,"As You Like It, LLC",https://app.dcoz.dc.gov/Content/Search/ViewCaseReport.aspx?case_id=17-21,Setdown 2/26/18,MU-4,Pending,17-21,0.0,0.0,{53E52646-8429-4D0D-A773-4ADEF0D8B17A},Ward 6,17-21,,501 I St SW,Pipeline,OP,0.0,0.0,1.0,11.0,0.0,12.0,Ward 6,map amendment,6D01,0,0,0,0,0,-81.52919213,37.57726919,1263.0,,,,0.0,0.0,,2019-02-11T04:00:24.000Z
106,64197.0,UM 500 Penn Street NE LLC & UDR Inc,https://app.dcoz.dc.gov/Content/Search/ViewCaseReport.aspx?case_id=17-14,"Setdown 2/26/17, DC Register 11/2/18",MU-9,Final,17-14,0.0,0.0,{F2D4E64A-DD58-45EC-8DBE-E7FA4E28E28D},Ward 5,17-14,"500 Penn Street Northeast, Washington, District of Columbia 20002","500 Penn Street NE, mised use development in FAM",Pipeline,OP,0.0,0.0,36.0,0.0,0.0,36.0,Ward 3,map amendment,5D01,0,0,0,0,0,-76.99717031,38.91054454,1265.0,,,15446.0,400245.62,138074.97,500 PENN STREET NE,2019-02-11T04:00:24.000Z
107,64198.0,Jewish Historical Society of Greater Washington,https://app.dcoz.dc.gov/Content/Search/ViewCaseReport.aspx?case_id=08-34H,Setdown 2/26/28,C-4,Pending,08-34H,0.0,0.0,{39C52ACF-F020-42C6-93DE-0D17DB5DF5EB},Ward 2,,,,,,,,,,,,,,,,,,,,,,,,,,,,,
108,64199.0,WMATA Operations Control Center Building,https://app.dcoz.dc.gov/Content/Search/ViewCaseReport.aspx?case_id=70-28,12/15/1971,SP-2,"Extinguished, DC Register 5/31/19",70-28,0.0,0.0,{0D1BF48D-2173-40C4-806F-70838D7E3EE9},Ward 2,,,,,,,,,,,,,,,,,,,,,,,,,,,,,
109,64200.0,Colony House,https://app.dcoz.dc.gov/Content/Search/ViewCaseReport.aspx?case_id=93-7,"Official Digital Zoning Map of July 1, 2010",None,Final,93-7,0.0,0.0,{D77F7557-5FCA-457C-9572-D774FD990A37},Ward 4,,,,,,,,,,,,,,,,,,,,,,,,,,,,,
110,64073.0,Colony House,https://app.dcoz.dc.gov/Content/Search/ViewCaseReport.aspx?case_id=93-7,"Official Digital Zoning Map of July 1, 2010",None,Final,93-7,0.0,0.0,{6116C4AD-3067-4241-B83D-05A8E0ADCB81},Ward 4,,,,,,,,,,,,,,,,,,,,,,,,,,,,,
111,64201.0,Dancing Crab Properties LLC,https://app.dcoz.dc.gov/Content/Search/ViewCaseReport.aspx?case_id=18-03,Setdown 6/11/18,MU-5B,Final,18-03,0.0,0.0,{37C12819-BE9E-4491-9DCF-7F4A30E36B3A},Ward 3,18-03,,4611 - 4615 41st Street NW,Pipeline,OP,0.0,0.0,3.0,0.0,0.0,3.0,Ward 3,map amendment,1B02,0,0,0,0,0,-81.52919213,37.57726919,1262.0,,,,0.0,0.0,,2019-02-11T04:00:24.000Z
112,64202.0,"WFS2, LLC & District of Columbia",https://app.dcoz.dc.gov/Content/Search/ViewCaseReport.aspx?case_id=02-38J,"Setdown 7/30/18, DC Register 8/16/2019",C-3-C,Final,02-38J,0.0,0.0,{5F2386A4-C1AB-4B7F-BD47-786184A183D0},Ward 6,,,,,,,,,,,,,,,,,,,,,,,,,,,,,
113,64203.0,"	D.C. Wheel Productions, Inc. dba Dance Place",https://app.dcoz.dc.gov/Content/Search/ViewCaseReport.aspx?case_id=09-08B,Second Stage PUD,C-2-B,Final,09-08B,0.0,0.0,{FB2AF398-4025-4DE2-9DBA-AF424378D793},Ward 5,,,,,,,,,,,,,,,,,,,,,,,,,,,,,
114,64204.0,"Capitol Crossing I, LLC",https://app.dcoz.dc.gov/Content/Search/ViewCaseReport.aspx?case_id=08-34G,PUD Minor Modification,C-4,Final,08-34G,0.0,0.0,{9BAB2C3C-0473-4D4E-BEC8-C7039906880D},Ward 2,,,,,,,,,,,,,,,,,,,,,,,,,,,,,
115,64205.0,"Capitol Crossing V, LLC",https://app.dcoz.dc.gov/Content/Search/ViewCaseReport.aspx?case_id=08-34F,PUD Modification,C-4,Final,08-34F,0.0,0.0,{7120EFDD-5C83-4BB1-97BC-E296AEC3750B},Ward 2,,,,,,,,,,,,,,,,,,,,,,,,,,,,,
116,64206.0,"Four Points, LLC & Curtis Properties",https://app.dcoz.dc.gov/Content/Search/ViewCaseReport.aspx?case_id=08-07D,Second Stage PUD. 3/30/15,C-3-C,Final,08-07D,0.0,0.0,{0EB5479A-1921-4D2F-864C-5D6D22C5A9D9},Ward 8,,,,,,,,,,,,,,,,,,,,,,,,,,,,,
117,64207.0,"Lano Parcel 2, LLC etc.",https://app.dcoz.dc.gov/Content/Search/ViewCaseReport.aspx?case_id=05-28L,PUD Time Extension 2013,"C-3-A, CR",Final,05-28L,0.0,0.0,{31045A98-6FAD-4709-BCA1-B49AAE91A5C0},Ward 7,,,,,,,,,,,,,,,,,,,,,,,,,,,,,
118,64208.0,Parkside Residential LLC,https://app.dcoz.dc.gov/Content/Search/ViewCaseReport.aspx?case_id=05-28R,Second Stage PUD,"C-3-A, CR",Final,05-28R,0.0,0.0,{5ED6221A-A6B4-4CB5-AD04-7344FD42DE42},Ward 7,,,,,,,,,,,,,,,,,,,,,,,,,,,,,
119,64209.0,Parkside Residential LLC,https://app.dcoz.dc.gov/Content/Search/ViewCaseReport.aspx?case_id=05-28J,Second Stage PUD,"C-3-A, CR",Final,05-28J,0.0,0.0,{B099A8D0-442B-40FA-ACFD-C11961B257D0},Ward 7,05-28J,"600 Kenilworth Terrace Northeast, Washington, District of Columbia 20019",The Grove at Parkside,Completed 2015 to Date,DCHA DCHFA DHCD OP,10.0,0.0,176.0,0.0,0.0,186.0,Ward 7,  ,  ,  ,  ,  ,  ,  ,-76.95052041,38.89862776,321.0,38.89852971,-76.95060905,311058.0,404292.33,136753.27,600 KENILWORTH TERRACE NE,2019-02-11T04:00:24.000Z
120,64210.0,Parkside Residential LLC,https://app.dcoz.dc.gov/Content/Search/ViewCaseReport.aspx?case_id=05-28F,Second Stage PUD,"C-3-A, CR",Final,05-28F,0.0,0.0,{24D2F07F-766D-4FE4-BA80-D5AA1F025DA8},Ward 7,,,,,,,,,,,,,,,,,,,,,,,,,,,,,
121,64211.0,Foulger-Pratt Development LLC,https://app.dcoz.dc.gov/Content/Search/ViewCaseReport.aspx?case_id=15-28,"Setdown 2/8/16, DC Register 12/23/16",C-3-C,Final,15-28,0.0,0.0,{4B6C537C-3A60-48EE-AE72-2802D0802A4E},Ward 6,15-28,"301 N Street NE, Washington, District of Columbia 20002",301 - 331 N Street NE,Under Construction,OP,0.0,0.0,15.0,15.0,0.0,30.0,Ward 6,map amendment,4B07,0,0,0,0,0,-77.00156497,38.90706212,1290.0,399864.46,137688.39,287372.0,399864.46,137688.39,301 N STREET NE,2019-02-11T04:00:24.000Z
122,64214.0,Initio LP,https://app.dcoz.dc.gov/Content/Search/ViewCaseReport.aspx?case_id=15-18A,"Setdown 4/11/16, DC Register 2/2/18",W-2,Final,15-18A,0.0,0.0,{FE0DDD39-57A7-43F9-A3F7-280A1A209471},Ward 2,,,,,,,,,,,,,,,,,,,,,,,,,,,,,
123,64215.0,777 17th Street LLC,https://app.dcoz.dc.gov/Content/Search/ViewCaseReport.aspx?case_id=15-31,Setdown 4/11/16,C-2-B,Final,15-31,0.0,0.0,{0A1ED390-2A4D-4E24-892B-3EAA12F79F7B},Ward 5,,,,,,,,,,,,,,,,,,,,,,,,,,,,,
124,64216.0,1200 3rd Street LLC,https://app.dcoz.dc.gov/Content/Search/ViewCaseReport.aspx?case_id=16-09,"Setdown 6/13/16, Approved DC Register 8/11/17",C-3-C,Final,16-09,0.0,0.0,{30D7AFE1-10AE-44F6-ACBA-2742011E5B25},Ward 6,16-09,"1200 3rd Street Northeast, Washington, District of Columbia 20002","1200 3rd Street NE, Central Armature",Pipeline,OP,0.0,0.0,25.0,25.0,0.0,50.0,Ward 6,PUD,6C06,650,50,,mix,0.5,-81.52919213,37.57726919,1283.0,,,,0.0,0.0,,2019-02-11T04:00:24.000Z
125,64217.0,Fifth and Morse L/Cal LLC,https://app.dcoz.dc.gov/Content/Search/ViewCaseReport.aspx?case_id=16-05,"Setdown 6/13/16, DC Register 12/8/17",C-3-C,Final,16-05,0.0,0.0,{2935B6F1-4702-412A-B652-BF63FE88AB9A},Ward 5,16-05,"500 Morse Street Northeast, Washington, District of Columbia 20002",500 and 530 Morse Street NE,Pipeline,OP,0.0,0.0,15.0,15.0,0.0,30.0,Ward 5,PUD,5D01,280,10% of total,,mix,50-80%,-76.99853447,38.90752308,1284.0,,,285985.0,400127.31,137739.56,500 MORSE STREET NE,2019-02-11T04:00:24.000Z
126,64218.0,W-G 9th and O LLC,https://app.dcoz.dc.gov/Content/Search/ViewCaseReport.aspx?case_id=16-07,Setdown 6/13/16,C-2-B,Final,16-07,0.0,0.0,{445DD7BB-9F4D-4BD0-97A3-063528F240DB},Ward 6,16-07,"810 O St NW, Washington, District of Columbia 20001",The Perla,Under Construction,DHCD OP,0.0,4.0,0.0,2.0,0.0,6.0,Ward 6,PUD,6e03,66,6,,mix,50-80%,-77.02357193,38.90843316,1210.0,38.908297999999995,-77.023668,279953.0,397955.72,137840.85,810 O STREET NW,2019-02-11T04:00:24.000Z
127,64219.0,Sherman Avenue LLC,https://app.dcoz.dc.gov/Content/Search/ViewCaseReport.aspx?case_id=15-34A,DC Register 9/1/17,CR,Final,15-34A,0.0,0.0,{A7EEEC3C-17EE-484B-8775-11FE06F7E01B},Ward 1,,,,,,,,,,,,,,,,,,,,,,,,,,,,,
128,64212.0,Insight E Street LLC,https://app.dcoz.dc.gov/Content/Search/ViewCaseReport.aspx?case_id=15-33A,"DC Register 11/18/16, DC Register 12/22/17",R-5-B,Final,15-33A,0.0,0.0,{51EC4FB7-6625-4F5C-AA14-216ACA4B2523},Ward 6,,,,,,,,,,,,,,,,,,,,,,,,,,,,,
129,64213.0,DC Stadium LLC,https://app.dcoz.dc.gov/Content/Search/ViewCaseReport.aspx?case_id=16-02,Setdown 3/14/16,None,Final,16-02,0.0,0.0,{7172FE20-6A6A-42D6-9A30-FF00CF346FEA},Ward 6,,,,,,,,,,,,,,,,,,,,,,,,,,,,,
130,64220.0,1126 9th St NW LLC,https://app.dcoz.dc.gov/Content/Search/ViewCaseReport.aspx?case_id=15-32,DC Register 11/25/16,DD/C-2-C,Final,15-32B,0.0,0.0,{4A06BBF1-AEC3-447E-A086-179FC444A7CF},Ward 2,,,,,,,,,,,,,,,,,,,,,,,,,,,,,
131,64221.0,Park View Community Partners & the District of Columbia,https://app.dcoz.dc.gov/Content/Search/ViewCaseReport.aspx?case_id=16-12,"Setdown 7/25/16, DC Register 5/5/17",R-5-B,Final,16-12,0.0,0.0,{5C5C6EDE-749E-41CC-97E5-6CCBDA234C10},Ward 1,16-12,"617 Morton Street Northwest, Washington, District of Columbia 20010",Park Morton - Onsite,Pipeline,DMPED OP,147.0,0.0,172.0,0.0,87.0,406.0,Ward 1,PUD,1A09,"189 new residential units, comprised of 142 apartment units, six flats, and 41 townhomes. Over half (53%) of the residential units will be income-restricted housing for low- or moderate-income households as follows: 57 units will be public housing replacement units, 44-59 units will be workforce affordable units, and 73-88 units will be market rate.",0,0,0,0,-77.02213574,38.93234677,194.0,38.93233931,-77.02213344,285318.0,398080.93,140495.43,617 MORTON STREET NW,2019-02-11T04:00:24.000Z
132,64222.0,JS Congress Holdings LLC,https://app.dcoz.dc.gov/Content/Search/ViewCaseReport.aspx?case_id=16-13B,"Setdown 7/25/16, DC Register 7/13/18",C-2-B,Final,16-13B,0.0,0.0,{454FD883-F364-4FF7-936C-81D28F9CDBA4},Ward 6,,,,,,,,,,,,,,,,,,,,,,,,,,,,,
133,64223.0,EYA Development LLC,https://app.dcoz.dc.gov/Content/Search/ViewCaseReport.aspx?case_id=16-17,Setdown 10/17/16,RA-1,Final,16-17,0.0,0.0,{C89C1D61-8139-4A41-8F6A-2E8CBCDEDD37},Ward 5,16-17,"1200 Varnum Street Northeast, Washington, District of Columbia 20017",1200 Varnum Street NE - Josephites / EYA rowhouse,Pipeline,DHCD OP,0.0,6.0,0.0,4.0,0.0,10.0,Ward 5,PUD,5A03,80 townhomes,10,3-4 bdrms,,0,-76.98938294,38.94358038,1276.0,,,289610.0,400920.6,141742.28,1200 VARNUM STREET NE,2019-02-11T04:00:24.000Z
134,64224.0,1336 8th St SPE LLC,https://app.dcoz.dc.gov/Content/Search/ViewCaseReport.aspx?case_id=16-24,"Setdown 2/13/17, DC Register 11/10/17",MU-6,Final,16-24,0.0,0.0,{5FB68902-9134-4650-9A23-5A9B1FF44924},Ward 6,16-24,"1336 8th St NW, Washington, District of Columbia 20001",8th/O Street NW,Pipeline,DMPED OP,0.0,11.0,0.0,12.0,0.0,23.0,Ward 6,PUD,6e03,85,30% of total,0,0.8,0,-77.02318944,38.90825307,65.0,38.908571,-77.02294300000001,319628.0,397988.89,137820.85,1336 8TH STREET NW,2019-02-11T04:00:24.000Z
135,64225.0,Poplar Point RBBR LLC,https://app.dcoz.dc.gov/Content/Search/ViewCaseReport.aspx?case_id=16-29,"Setdown 2/27/17, Order DC Register 5/25/18",MU-9,"Extinguished, DC Register 6/28/19",16-29,0.0,0.0,{2C065C75-D2E2-4AA3-BC45-0A93BF620E4A},Ward 8,16-29,,Howard Road / Poplar Point  Stage 1,Pipeline,OP,0.0,0.0,70.0,0.0,0.0,70.0,Ward 8,PUD,8A06,700,0.1,"mixed:1,2,3bdrm",0.5,0,-77.00144177,38.86964699,1271.0,,,312964.0,399875.08,133535.02,,2019-02-11T04:00:24.000Z
136,64226.0,Wisconsin Owner LLC,https://app.dcoz.dc.gov/Content/Search/ViewCaseReport.aspx?case_id=16-26,Setdown 3/13/17,MU-7,Final,16-26,0.0,0.0,{BA45440A-78B4-4729-BC32-968C2C3BDD48},Ward 3,16-26,"4620 Wisconsin Avenue Northwest, Washington, District of Columbia 20016",4620 Wisconsin Avenue NW,Pipeline,OP,0.0,0.0,15.0,0.0,0.0,15.0,Ward 3,PUD,3e03,146,10% of total,0,0.6,0,-77.08092474,38.95034527,1272.0,,,264432.0,392985.43,142496.3,4620 WISCONSIN AVENUE NW,2019-02-11T04:00:24.000Z
137,64227.0,3443 Benning Road LLC,https://app.dcoz.dc.gov/Content/Search/ViewCaseReport.aspx?case_id=16-20,Hearing 11/14/16,MU-7,Final,16-20,0.0,0.0,{8323584D-87D8-4950-9768-D5A0F65716CE},Ward 7,16-20,"3450 Eads Street Northeast, Washington, District of Columbia 20019",3443 Benning Road / Eads Street NE,Pipeline,OP,14.0,0.0,56.0,0.0,0.0,70.0,Ward 7,PUD,7D04,70,70,0,this was a little confusing,0,-81.52919213,37.57726919,1275.0,,,,0.0,0.0,,2019-02-11T04:00:24.000Z
138,64228.0,"Waterfront 375 M Street, LLC & Waterfront 425 M Street, LLC",https://app.dcoz.dc.gov/Content/Search/ViewCaseReport.aspx?case_id=02-38I,"Setdown 6/12/17, DC Register 118/19",MU-9,Final,02-38I,0.0,0.0,{3DD21A72-EFE0-41A5-9D51-A6E2715F2DF7},Ward 6,,,,,,,,,,,,,,,,,,,,,,,,,,,,,
139,64229.0,Governments of Czechoslovakia & Hungary & Indonesia & Poland,https://app.dcoz.dc.gov/Content/Search/ViewCaseReport.aspx?case_id=71-5,"Case 71-5, Order 70 (R-5-C changed to R-5-D via Order 721)",R-5-D,Final,71-5,0.0,0.0,{B5D8DFFC-7D65-42D1-810C-5836F2642E39},Ward 3,,,,,,,,,,,,,,,,,,,,,,,,,,,,,
140,64230.0,Covenant Baptist Church,https://app.dcoz.dc.gov/Content/Search/ViewCaseReport.aspx?case_id=12-21A,"Case # 12-21, Approved DC Register 4/18/14, Time Extension 7/7/16",R-5-A,Final,12-21A,0.0,0.0,{E10FDB0D-96C8-4784-82D8-14765B786FEA},Ward 8,,,,,,,,,,,,,,,,,,,,,,,,,,,,,
141,64231.0,13th and U Lessee LLC,https://app.dcoz.dc.gov/Content/Search/ViewCaseReport.aspx?case_id=12-20A,Case #12-20A,ARTS/CR,Final,12-20A,0.0,0.0,{2B3C96DA-B951-4225-8570-85590CA79191},Ward 1,,,,,,,,,,,,,,,,,,,,,,,,,,,,,
142,64232.0,Hoffman-Struever Waterfront LLC,https://app.dcoz.dc.gov/Content/Search/ViewCaseReport.aspx?case_id=11-03,Case # 11-03,"W-1, C-3-C, R-5-B",Final,11-03,0.0,0.0,{91EBA424-FE7B-428D-8F71-032D8D663288},Ward 6,,,,,,,,,,,,,,,,,,,,,,,,,,,,,
143,64233.0,"Toll DC II, LP",https://app.dcoz.dc.gov/Content/Search/ViewCaseReport.aspx?case_id=05-36K,"93-3 extinguished, 05-36 is latest iteration (Exhibit 16)",C-3-C,Final,05-36K,0.0,0.0,{FF142DB0-92D3-487F-ABCB-8A25F784FB83},Ward 6,,,,,,,,,,,,,,,,,,,,,,,,,,,,,
144,64234.0,Square 5914 LLC,https://app.dcoz.dc.gov/Content/Search/ViewCaseReport.aspx?case_id=13-08,Case No. 13-08,C-3-B,Final,13-08,0.0,0.0,{941B5C9A-05F6-4124-BE58-ABA583227269},Ward 8,,,,,,,,,,,,,,,,,,,,,,,,,,,,,
145,64235.0,Center Place Holdings LLC,https://app.dcoz.dc.gov/Content/Search/ViewCaseReport.aspx?case_id=08-34B,Order 08-34 approved on 05/23/2011. Order 08-34A approved on 3/1/13.,C-4,Final,08-34B,0.0,0.0,{EA81F758-3861-45A5-9016-21655FD7115B},Ward 6,,,,,,,,,,,,,,,,,,,,,,,,,,,,,
146,64236.0,ICG 16th Street Associates LLC,https://app.dcoz.dc.gov/Content/Search/ViewCaseReport.aspx?case_id=13-04,"Case # 13-04, order final 10/4/2013",C-3-C,Final,13-04,0.0,0.0,{D01AFB48-9DCC-489A-903D-5C3382DF8CAE},Ward 2,,,,,,,,,,,,,,,,,,,,,,,,,,,,,
147,64237.0,1001 4th Street S.W.,https://app.dcoz.dc.gov/Content/Search/ViewCaseReport.aspx?case_id=02-38D,Case 02-38D approved 9/30/13,C-3-C,Final,02-38D,0.0,0.0,{2D4556BF-B4FE-48EF-9FF4-B0EF0C796435},Ward 6,02-38D,"465 M Street Southwest, Washington, District of Columbia 20024",The View at the Waterfront South,Completed 2015 to Date,DHCD OP,0.0,0.0,0.0,4.0,0.0,4.0,Ward 6,  ,  ,  ,  ,  ,  ,  ,-77.01937348,38.87674005,1183.0,38.876698,-77.019234,306776.0,398319.12,134322.58,465 M STREET SW,2019-02-11T04:00:24.000Z
148,64238.0,ZP Georgia LP,https://app.dcoz.dc.gov/Content/Search/ViewCaseReport.aspx?case_id=13-10A,"Set Down as contested case, 12/9/13",C-2-B,Final,13-10A,0.0,0.0,{418CD289-70B6-409F-99E4-79F5AADD62D9},Ward 1,,,,,,,,,,,,,,,,,,,,,,,,,,,,,
149,64239.0,Vision McMillan Partners LLC & DMPED,https://app.dcoz.dc.gov/Content/Search/ViewCaseReport.aspx?case_id=13-14,"Case 13-14 Set Down as contested case 1/27/14, Remanded by Court of Appeals rehearing 3/20/17","C-3-C, CR",Final,13-14,0.0,0.0,{FBEB5465-9933-434F-814E-CBBE7894DCB0},Ward 5,13-14,"2500 1st Street Northwest, Washington, District of Columbia 20001",McMillan Reservoir Parcel 2,Pipeline,DMPED DHCD OP,0.0,11.0,85.0,38.0,0.0,134.0,Ward 1,PUD,5e09,674,85,,mix,0.8,-77.01343578,38.92469625,1485.0,398835.13,139646.01,284402.0,398835.13,139646.01,2500 1ST STREET NW,2019-02-11T04:00:24.000Z
150,64240.0,Brownstein Commons LP,https://app.dcoz.dc.gov/Content/Search/ViewCaseReport.aspx?case_id=13-17,"Setdown 2/10/14 Case # 13-17, Approved 6/30/14",R-5-B,Final,13-17,0.0,0.0,{A20F52F5-9705-464A-9A96-3D1B7A231E6B},Ward 8,13-17,"1200 Mississippi Ave SE, Washington, District of Columbia 20032",Archer Park (Wing II),Completed 2015 to Date,DCHFA DHCD OP,5.0,0.0,90.0,14.0,0.0,109.0,Ward 8,PUD,8E04/5 8C03,190 units// 71 townhouses,10% of residential units,"multiple;, number not listed",mix,0.6,-76.98951941,38.83993231,1211.0,38.84005542,-76.98881414,296061.0,400910.09,130236.53,1200 MISSISSIPPI AVENUE SE,2019-02-11T04:00:24.000Z
151,64240.0,Brownstein Commons LP,https://app.dcoz.dc.gov/Content/Search/ViewCaseReport.aspx?case_id=13-17,"Setdown 2/10/14 Case # 13-17, Approved 6/30/14",R-5-B,Final,13-17,0.0,0.0,{A20F52F5-9705-464A-9A96-3D1B7A231E6B},Ward 8,13-17,"1200 Mississippi Ave SE, Washington, District of Columbia 20032",Archer Park (Wing I),Completed 2015 to Date,DCHFA DHCD OP,3.0,0.0,92.0,14.0,0.0,109.0,Ward 8,PUD,8E04/5 8C03,190 units// 71 townhouses,10% of residential units,"multiple;, number not listed",mix,0.6,-76.98951941,38.83993231,70.0,38.84005542,-76.98881414,296061.0,400910.09,130236.53,1200 MISSISSIPPI AVENUE SE,2019-02-11T04:00:24.000Z
152,64241.0,Jemals Hechts LLC,https://app.dcoz.dc.gov/Content/Search/ViewCaseReport.aspx?case_id=14-01A,"Set Down 2/24/14, Approved July 17, 2015",C-3-C,Final,14-01A,0.0,0.0,{D828183D-F1A7-4B1E-8D51-A407AE98E658},Ward 5,,,,,,,,,,,,,,,,,,,,,,,,,,,,,
153,64242.0,WBG Wheeler Road LLC,https://app.dcoz.dc.gov/Content/Search/ViewCaseReport.aspx?case_id=13-18B,"Order Published DC Register April 17, 2015, DC Register 2/2/18",C-2-B,Final,13-18B,0.0,0.0,{ADBAE9FA-511D-474F-AEED-EE45B13BDA7E},Ward 8,,,,,,,,,,,,,,,,,,,,,,,,,,,,,
154,64243.0,1333 M St SE LLC,https://app.dcoz.dc.gov/Content/Search/ViewCaseReport.aspx?case_id=13-12A,"Set Down 3/10/14, Time Extension 2/27/17",C-3-C,Final,13-12A,0.0,0.0,{35C38C8F-6BC2-41DF-9FFD-7359A71BF84C},Ward 6,,,,,,,,,,,,,,,,,,,,,,,,,,,,,
155,64244.0,Professional Associates and International Finance Corporation,https://app.dcoz.dc.gov/Content/Search/ViewCaseReport.aspx?case_id=14-04A,"Case # 14-04 Set Down 4/15/14, Approved 12/5/14",None,Final,14-04A,0.0,0.0,{8C8F669C-46CC-460C-B419-376B7F35F9F9},Ward 2,,,,,,,,,,,,,,,,,,,,,,,,,,,,,
156,64245.0,Portner Place LLC,https://app.dcoz.dc.gov/Content/Search/ViewCaseReport.aspx?case_id=14-08,Set Down 6/30/14,"R-5-D, CR",Final,14-08,0.0,0.0,{6B01FDAF-0161-4B4C-BE71-25D6887AAC4A},Ward 1,14-08,"1441 U St NW, Washington, District of Columbia 20009",Portner Place,Completed 2015 to Date,DHCD OP,0.0,48.0,0.0,0.0,0.0,48.0,Ward 1,PUD,1B12,366,96,43134,rent,0.6,-77.03350531,38.91721684,207.0,38.91723137,-77.03378715,279189.0,397094.52,138816.18,1441 U STREET NW,2019-02-11T04:00:24.000Z
157,64246.0,QC 369 LLC,https://app.dcoz.dc.gov/Content/Search/ViewCaseReport.aspx?case_id=14-09,Order 14-09 5/1/15,"DD/C-2-C, DD/C-2-A",Final,14-09,0.0,0.0,{208C0A63-1D3B-4689-867F-125ED78F6367},Ward 2,14-09,"1104 9th St NW, Washington, District of Columbia 20001",Square 369,Pipeline,DHCD OP,0.0,0.0,19.0,4.0,0.0,23.0,Ward 2,PUD,2F06,203,4,0,rent,50% up to 60%,-77.02429371,38.90447329999999,297.0,38.90446585,-77.02429142,242894.0,397893.0,137401.29,1104 9TH STREET NW,2019-02-11T04:00:24.000Z
158,64247.0,EAJ 1309 5th St LLC,https://app.dcoz.dc.gov/Content/Search/ViewCaseReport.aspx?case_id=14-12A,"Case 14-12 Set Down 7/28/14 DC Register 5/8/15, Time Extension 9/17/18",C-3-C,Final,14-12A,0.0,0.0,{0A87A57E-A90D-461F-849A-757A2E8ED4DF},Ward 5,,,,,,,,,,,,,,,,,,,,,,,,,,,,,
159,64249.0,M St Dev Group LLC & Square 772 Dev Group LLC,https://app.dcoz.dc.gov/Content/Search/ViewCaseReport.aspx?case_id=14-19A,"DC Register 11/20/15, Time Extension 11/19/18",C-3-C,Final,14-19A,0.0,0.0,{8B96838B-4805-46EF-B34C-8E13F9777826},Ward 6,,,,,,,,,,,,,,,,,,,,,,,,,,,,,
160,64250.0,Aria Development Group,https://app.dcoz.dc.gov/Content/Search/ViewCaseReport.aspx?case_id=15-03,DC Register 5/13/16,R-5-C,Final,15-03,0.0,0.0,{FEB80DA5-B54D-4569-AFB5-51FF79BD1998},Ward 1,15-03,"1315 Clifton St NW, Washington, District of Columbia 20009",Clifton Street,Under Construction,DHCD OP,0.0,13.0,0.0,4.0,0.0,17.0,Ward 1,PUD,5e01,152-156,16,,,0.8,-77.03059148,38.92271146,1217.0,38.922796999999996,-77.030748,232073.0,397347.42,139426.04,1315 CLIFTON STREET NW,2019-02-11T04:00:24.000Z
161,64251.0,Comstock Sixth Street LLC,https://app.dcoz.dc.gov/Content/Search/ViewCaseReport.aspx?case_id=15-04,"Set down April 13, 2015, Approved DC Register 1/15/16",R-4,Final,15-04,0.0,0.0,{93DBCF06-B6EA-4910-BC91-54FDCFC571B1},Ward 5,15-04,"4815 6th St NE, Washington, District of Columbia 20017",Totten Mews,Completed 2015 to Date,DHCD OP,0.0,2.0,0.0,3.0,0.0,5.0,Ward 5,PUD,5A08,40 townhomes,4,3bedroom,mix,0.8,-76.99879029,38.94813679999999,1175.0,38.948128999999994,-76.998788,,400105.0626,142248.0306,,2019-02-11T04:00:24.000Z
162,64252.0,MRP Realty,https://app.dcoz.dc.gov/Content/Search/ViewCaseReport.aspx?case_id=15-07,Setdown 4/27/15,None,Final,15-07,0.0,0.0,{ADCF24E4-EC81-4C17-839F-16D693AA180E},Ward 6,15-07,"315 H Street Northeast, Washington, District of Columbia 20002",315 H St NE,Completed 2015 to Date,DHCD OP,0.0,1.0,1.0,7.0,0.0,9.0,Ward 6,PUD,6C04,105-135,8% of total,,mix,0.8,-77.0014108,38.89996056,1178.0,38.899953000000004,-77.001409,39407.0,399877.82,136900.06,315 H STREET NE,2019-02-11T04:00:24.000Z
163,64253.0,EYA LLC & St. Pauls College,https://app.dcoz.dc.gov/Content/Search/ViewCaseReport.aspx?case_id=07-27A,Minor Modification 6/13/11,R-5-B,Final,07-27A,0.0,0.0,{EE5B72D0-4E78-4592-9EE7-B0A8911B2220},Ward 5,,,,,,,,,,,,,,,,,,,,,,,,,,,,,
164,64254.0,View 14 Investments LLC,https://app.dcoz.dc.gov/Content/Search/ViewCaseReport.aspx?case_id=05-22A,PUD Modification DC Register July 3 2014,None,Final,05-22A,0.0,0.0,{D8908D9F-164D-463F-A6DE-13128D6E4F05},Ward 1,,,,,,,,,,,,,,,,,,,,,,,,,,,,,
165,64255.0,BP 1330 Connecticut Avenue LLC,https://app.dcoz.dc.gov/Content/Search/ViewCaseReport.aspx?case_id=80-13A,DC Register 7/30/15,C-3-B,Final,80-13A,0.0,0.0,{33CE8AEA-3C62-443B-BEF3-FAEF82AAC546},Ward 2,,,,,,,,,,,,,,,,,,,,,,,,,,,,,
166,64256.0,Capitol Crossing IV LLC & Archdiocese of Washington Holy Rosary,https://app.dcoz.dc.gov/Content/Search/ViewCaseReport.aspx?case_id=08-34C,"Case # 08-34C, Setdown July 29, 2013, 2nd Stage PUD",HR/C-4,Final,08-34C,0.0,0.0,{FA0215BA-F35A-4461-9BFD-9A0C34F28BBA},Ward 6,,,,,,,,,,,,,,,,,,,,,,,,,,,,,
167,64257.0,1250 4th St Edens LLC,https://app.dcoz.dc.gov/Content/Search/ViewCaseReport.aspx?case_id=14-07A,"DC Register July 3 2015, DC Register May 5, 2017",C-3-C,Final,14-07A,0.0,0.0,{0D3CCC57-117D-44B6-A7C4-A7E2BE787425},Ward 5,,,,,,,,,,,,,,,,,,,,,,,,,,,,,
168,64258.0,Jemals CDC LLC,https://app.dcoz.dc.gov/Content/Search/ViewCaseReport.aspx?case_id=14-14,"Set Down 9/30/14, DC Register 7/30/15",HS-H/C-2-B,Final,14-14,0.0,0.0,{48AD0BC1-B4F9-4C39-930F-BB3899F026CA},Ward 6,14-14,"501 H Street, NE, Washington, District of Columbia","501 H Street, NE",Completed 2015 to Date,DHCD OP,0.0,3.0,0.0,0.0,0.0,3.0,Ward 6,PUD,6C05,28,8% of total,0,mix,0.5,-76.99914735,38.89996408,1037.0,38.89995663,-76.99914507,15247.0,400074.16,136900.45,501 H STREET NE,2019-02-11T04:00:24.000Z
169,64259.0,Barry Place Partners LLC,https://app.dcoz.dc.gov/Content/Search/ViewCaseReport.aspx?case_id=14-21,"Set Down 1/12/14, DC Register 7/30/15",C-2-B,Final,14-21,0.0,0.0,{996BAE3F-DC79-4516-A746-A72915AC93F3},Ward 1,14-21,"2323 Sherman Avenue Northwest, Washington, District of Columbia 20001",Sherman Avenue Apartments,Completed 2015 to Date,DHCD OP,0.0,0.0,4.0,23.0,0.0,27.0,Ward 1,PUD,1B11,316,9,0,0,0.6,-77.02493534,38.92108419,1204.0,38.921219,-77.024991,232313.0,397837.85,139245.25,2323 SHERMAN AVENUE NW,2019-02-11T04:00:24.000Z
170,64260.0,MHI-Brookland LLC,https://app.dcoz.dc.gov/Content/Search/ViewCaseReport.aspx?case_id=15-02,Set Down 6/28/15,R-5-B,Final,15-02,0.0,0.0,{226828F1-92EA-4ED3-BD7D-64675004D963},Ward 5,15-02,"3112 7th Street Northeast, Washington, District of Columbia 20017","3112 7th Street, NE",Under Construction,OP,0.0,0.0,2.0,1.0,0.0,3.0,Ward 5,PUD,5e01,22,3,townhomes,mix,0.5,-76.99666226,38.9288027,1299.0,,,156288.0,400289.61,140101.78,3112 7TH STREET NE,2019-02-11T04:00:24.000Z
171,64261.0,Deanwood Hills LLC,https://app.dcoz.dc.gov/Content/Search/ViewCaseReport.aspx?case_id=15-10,DC Register 12/21/15 Approved,R-5-B,Final,15-10,0.0,0.0,{86176F29-30F6-4076-85CC-23D59CA949AD},Ward 7,15-10,"5201 Hayes Street Northeast, Washington, District of Columbia 20019",5201 Hayes Street (Deanwood Hills),Completed 2015 to Date,DMPED DCHFA DHCD OP,40.0,10.0,100.0,15.0,0.0,165.0,Ward 7,PUD,7C01,150,,43104,rental,,-76.92682351,38.89941589,53.0,38.8993814,-76.92652454,299817.0,406347.86,136842.14,5201 HAYES STREET NE,2019-02-11T04:00:24.000Z
172,63643.0,Joseph Horning & Norris Dodson Realty,https://app.dcoz.dc.gov/Content/Search/ViewCaseReport.aspx?case_id=82-6,"Official Digital Zoning Map of July 1, 2010",R-5-A,Final,82-6,0.0,0.0,{162CD4DE-0D49-4B31-8144-D7F2C8F8ECB4},Ward 5,,,,,,,,,,,,,,,,,,,,,,,,,,,,,
173,63644.0,CESC 1229-1231 TRS & CESC 1227,https://app.dcoz.dc.gov/Content/Search/ViewCaseReport.aspx?case_id=06-35A,"Official Digital Zoning Map of July 1, 2010",None,Final,06-35A,0.0,0.0,{F97029A5-03CB-437B-A797-AB425B1D2D1E},Ward 2,,,,,,,,,,,,,,,,,,,,,,,,,,,,,
174,63645.0,International Bank for Reconstr. & Dev.,https://app.dcoz.dc.gov/Content/Search/ViewCaseReport.aspx?case_id=89-17,"Official Digital Zoning Map of July 1, 2010",C-3-B,Final,89-17,0.0,0.0,{0B1BE4E8-7FE1-4BA7-9236-5B494F711529},Ward 2,,,,,,,,,,,,,,,,,,,,,,,,,,,,,
175,63646.0,United House of Prayer for All People,https://app.dcoz.dc.gov/Content/Search/ViewCaseReport.aspx?case_id=09-05A,"Official Digital Zoning Map of July 1, 2010",C-2-B,Final,09-05A,0.0,0.0,{92B75921-860A-41FF-A333-D05F34780A4B},Ward 6,,,,,,,,,,,,,,,,,,,,,,,,,,,,,
176,63647.0,Former Columbia Hospital for Women,https://app.dcoz.dc.gov/Content/Search/ViewCaseReport.aspx?case_id=03-11,"Official Digital Zoning Map of July 1, 2010",C-2-C,Final,03-11,0.0,0.0,{65BBF916-9529-45A6-B4D0-1730D9555478},Ward 2,,,,,,,,,,,,,,,,,,,,,,,,,,,,,
177,63648.0,Waterfront Associates,https://app.dcoz.dc.gov/Content/Search/ViewCaseReport.aspx?case_id=02-38A,"Official Digital Zoning Map of July 1, 2010",C-3-C,Final,02-38A,0.0,0.0,{8252AA0C-225B-47E6-A19E-517592368A26},Ward 6,,,,,,,,,,,,,,,,,,,,,,,,,,,,,
178,64001.0,New East Capitol Senior Building,https://app.dcoz.dc.gov/Content/Search/ViewCaseReport.aspx?case_id=02-04,"Official Digital Zoning Map of July 1, 2010",R-5-A,Final,02-04,0.0,0.0,{CE9C6F59-3D6F-4C2C-9DD4-0183D4BF9E17},Ward 7,,,,,,,,,,,,,,,,,,,,,,,,,,,,,
179,64083.0,Mid-City Urban LLC and A&R Dev. Corp.,https://app.dcoz.dc.gov/Content/Search/ViewCaseReport.aspx?case_id=04-24B,"Official Digital Zoning Map of July 1, 2010",C-2-B,Final,04-24B,0.0,0.0,{892B9A9B-DDDE-43C8-BC7F-50120F212900},Ward 5,,,,,,,,,,,,,,,,,,,,,,,,,,,,,
180,64084.0,Neighborhood Development Co.,https://app.dcoz.dc.gov/Content/Search/ViewCaseReport.aspx?case_id=05-19,"Official Digital Zoning Map of July 1, 2010",C-3-A,Final,05-19,0.0,0.0,{09E8FC58-BB2D-4F72-8190-0D763180345D},Ward 4,,,,,,,,,,,,,,,,,,,,,,,,,,,,,
181,64085.0,Ft. Lincoln New Town & Premium Distr.,https://app.dcoz.dc.gov/Content/Search/ViewCaseReport.aspx?case_id=99-5,"Official Digital Zoning Map of July 1, 2010",C-M-1,Final,99-5,0.0,0.0,{B758C030-FCFE-4A19-8A33-56DCAE36F7F9},Ward 5,,,,,,,,,,,,,,,,,,,,,,,,,,,,,
182,64086.0,Center for Strategic and Intl Studies,https://app.dcoz.dc.gov/Content/Search/ViewCaseReport.aspx?case_id=02-51C,"Official Digital Zoning Map of July 1, 2010",C-4,Final,02-51C,0.0,0.0,{819A60C9-491F-4324-9BF5-17189B169095},Ward 2,,,,,,,,,,,,,,,,,,,,,,,,,,,,,
183,64087.0,Public Space Utilization Act App.,https://app.dcoz.dc.gov/Content/Search/ViewCaseReport.aspx?case_id=01-07A,"Official Digital Zoning Map of July 1, 2010",None,Final,01-07A,0.0,0.0,{6C1F5DD9-A35F-4D8A-A0E6-0DD02EA96DB2},Ward 2,,,,,,,,,,,,,,,,,,,,,,,,,,,,,
184,64088.0,DOT Headquarters- SE Federal Center,https://app.dcoz.dc.gov/Content/Search/ViewCaseReport.aspx?case_id=03-05,"Official Digital Zoning Map of July 1, 2010",C-3-C,Final,03-05,0.0,0.0,{80D5DABA-61BB-4B32-9DE4-8BE60487D4F4},Ward 6,,,,,,,,,,,,,,,,,,,,,,,,,,,,,
185,64093.0,Lowe Enterprises,https://app.dcoz.dc.gov/Content/Search/ViewCaseReport.aspx?case_id=07-13G,DC Register 7/6/18,C-3-C,Final,07-13G,0.0,0.0,{FE2108DD-D844-489F-AA27-96201C9271B1},Ward 6,07-13G,"820 Half Street Southwest, Washington, District of Columbia 20024",Randall School,Pipeline,DMPED OP,0.0,0.0,104.0,99.0,0.0,203.0,Ward 6,  ,  ,  ,  ,  ,  ,  ,-77.01140403,38.87987518,210.0,38.8798674,-77.01140174,,399010.6899,134670.4873,,2019-02-11T04:00:24.000Z
186,64094.0,DCO Realty Inc,https://app.dcoz.dc.gov/Content/Search/ViewCaseReport.aspx?case_id=06-24B,"Official Digital Zoning Map of July 1, 2010",C-2-B,Final,06-24B,0.0,0.0,{2C62AD1D-2A85-4612-9279-2029F14E3E74},Ward 1,,,,,,,,,,,,,,,,,,,,,,,,,,,,,
187,64095.0,Gateway Market Center Inc.,https://app.dcoz.dc.gov/Content/Search/ViewCaseReport.aspx?case_id=06-40C,PUD Modification 1/27/14,C-3-C,Final,06-40C,0.0,0.0,{5D628EA7-6697-4A17-B5E7-E3E854CCA7AF},Ward 5,06-40C,"340 Florida Avenue Northeast, Washington, District of Columbia 20002",The Edison at Union Market,Completed 2015 to Date,DMPED OP,0.0,0.0,0.0,38.0,0.0,38.0,Ward 5,  ,  ,  ,  ,  ,  ,  ,-77.00054935,38.9074857,127.0,38.907564,-77.00065072,287853.0,399952.55,137735.41,340 FLORIDA AVENUE NE,2019-02-11T04:00:24.000Z
188,64089.0,5000 Overlook Avenue S.W,https://app.dcoz.dc.gov/Content/Search/ViewCaseReport.aspx?case_id=04-19A,"Official Digital Zoning Map of July 1, 2010",None,Final,04-19A,0.0,0.0,{78F0C758-7D35-41FF-9E90-799BED44CD08},Ward 8,,,,,,,,,,,,,,,,,,,,,,,,,,,,,
189,64090.0,LAT PYD  I,https://app.dcoz.dc.gov/Content/Search/ViewCaseReport.aspx?case_id=06-34A,"Official Digital Zoning Map of July 1, 2010",R-5-B,Final,06-34A,0.0,0.0,{DD846B20-020B-460E-89FD-196011BD0AE6},Ward 6,,,,,,,,,,,,,,,,,,,,,,,,,,,,,
190,64091.0,Camden Development Inc.,https://app.dcoz.dc.gov/Content/Search/ViewCaseReport.aspx?case_id=06-41,"Official Digital Zoning Map of July 1, 2010",CG/C-3-C,Final,06-41,0.0,0.0,{FD9B1A14-9A3E-4914-BA88-F73F1C4901FC},Ward 6,,,,,,,,,,,,,,,,,,,,,,,,,,,,,
191,64092.0,Florida & Q Sreet LLC,https://app.dcoz.dc.gov/Content/Search/ViewCaseReport.aspx?case_id=06-04G,"Case # 06-04D, DC Register 8/3/18",C-2-B,Final,06-04G,0.0,0.0,{BC7BED82-F5DD-4547-B9B8-D14F3C04FAC0},Ward 5,,,,,,,,,,,,,,,,,,,,,,,,,,,,,
192,64096.0,St. Coletta of Greater Washington Inc.,https://app.dcoz.dc.gov/Content/Search/ViewCaseReport.aspx?case_id=03-21,"Official Digital Zoning Map of July 1, 2010",SP-1,Final,03-21,0.0,0.0,{E9AF87B7-B274-4B1C-A9EA-9C54C61E6859},Ward 7,,,,,,,,,,,,,,,,,,,,,,,,,,,,,
193,64099.0,3211 4th Street NE,https://app.dcoz.dc.gov/Content/Search/ViewCaseReport.aspx?case_id=98-18,"Official Digital Zoning Map of July 1, 2010",SP-1,Final,98-18,0.0,0.0,{F27F45A3-458E-4EA8-BCC8-86F65C0394D7},Ward 5,,,,,,,,,,,,,,,,,,,,,,,,,,,,,
194,64100.0,G.K.D. 1412 Chapin Street LLC,https://app.dcoz.dc.gov/Content/Search/ViewCaseReport.aspx?case_id=09-15,"Official Digital Zoning Map of August 20, 2010",C-2-B,Final,09-15,0.0,0.0,{55D22020-020A-465E-9027-77BA960991B0},Ward 1,09-15,"1412 Chapin St NW, Washington, District of Columbia",Chapin Row,Completed 2015 to Date,DHCD OP,0.0,2.0,0.0,2.0,0.0,4.0,Ward 1,  ,  ,  ,  ,  ,  ,  ,-77.03270591,38.92132243,407.0,38.921315,-77.03270400000001,234165.0,397164.01,139271.91,1412 CHAPIN STREET NW,2019-02-11T04:00:24.000Z
195,64101.0,The Athena Group LLC,https://app.dcoz.dc.gov/Content/Search/ViewCaseReport.aspx?case_id=08-21,"Official Digital Zoning Map of July 1, 2010",R-5-A,Final,08-21,0.0,0.0,{BA0DCB28-6AD8-4B26-9287-3AB9544E31E8},Ward 3,,,,,,,,,,,,,,,,,,,,,,,,,,,,,
196,64102.0,1957 E Street N.W.,https://app.dcoz.dc.gov/Content/Search/ViewCaseReport.aspx?case_id=01-17,"Official Digital Zoning Map of July 1, 2010",C-3-C,Final,01-17,0.0,0.0,{4272A62C-666D-462F-B982-01A734E66E32},Ward 2,,,,,,,,,,,,,,,,,,,,,,,,,,,,,
197,64103.0,4717-4727 Wisconsin Avenue N.W.,https://app.dcoz.dc.gov/Content/Search/ViewCaseReport.aspx?case_id=98-21,"Official Digital Zoning Map of July 1, 2010",C-2-B,Final,98-21,0.0,0.0,{309EA0D9-04DA-4402-BBFD-A7B8B93128EB},Ward 3,,,,,,,,,,,,,,,,,,,,,,,,,,,,,
198,64097.0,Jemals Cayre Woodies LLC,https://app.dcoz.dc.gov/Content/Search/ViewCaseReport.aspx?case_id=02-23,"Official Digital Zoning Map of July 1, 2010",None,Final,02-23,0.0,0.0,{5FE4C925-0F47-4F18-A9DF-BF35D04F02C8},Ward 2,,,,,,,,,,,,,,,,,,,,,,,,,,,,,
199,64098.0,1000 K Street NW,https://app.dcoz.dc.gov/Content/Search/ViewCaseReport.aspx?case_id=03-08,"Official Digital Zoning Map of July 1, 2010",HR/C-3-C,Final,03-08,0.0,0.0,{28732A16-ACDB-4A26-9E0A-540ECBCC3317},Ward 2,,,,,,,,,,,,,,,,,,,,,,,,,,,,,
200,64104.0,901 New York Avenue N.W.,https://app.dcoz.dc.gov/Content/Search/ViewCaseReport.aspx?case_id=01-01B,"Official Digital Zoning Map of July 1, 2010",C-4,Final,01-01B,0.0,0.0,{C2B9E7D6-F41C-434A-9C68-F83F211A1A58},Ward 2,,,,,,,,,,,,,,,,,,,,,,,,,,,,,
201,64105.0,26th & L Limited Partnership,https://app.dcoz.dc.gov/Content/Search/ViewCaseReport.aspx?case_id=86-32,"Official Digital Zoning Map of July 1, 2010",C-2-C,Final,86-32,0.0,0.0,{878EF89D-33B5-4193-AEF2-D66085FB1C78},Ward 2,,,,,,,,,,,,,,,,,,,,,,,,,,,,,
202,64106.0,15th & M Sts. NW,https://app.dcoz.dc.gov/Content/Search/ViewCaseReport.aspx?case_id=88-13,"Official Digital Zoning Map of July 1, 2010",C-4,Final,88-13,0.0,0.0,{56AB46C6-B1DA-4760-9AB4-F81AA5E62F42},Ward 2,,,,,,,,,,,,,,,,,,,,,,,,,,,,,
203,64107.0,12th & I & K Sts. N.W.,https://app.dcoz.dc.gov/Content/Search/ViewCaseReport.aspx?case_id=91-12,"Official Digital Zoning Map of July 1, 2010",None,Final,91-12,0.0,0.0,{D4B6FE94-5865-4496-A005-6D42B3A80269},Ward 2,,,,,,,,,,,,,,,,,,,,,,,,,,,,,
204,64002.0,JBG (Solar Building),https://app.dcoz.dc.gov/Content/Search/ViewCaseReport.aspx?case_id=02-24A,"Official Digital Zoning Map of July 1, 2010",C-4,Final,02-24A,0.0,0.0,{F6585427-5DD5-4B3F-AA65-25AA8A6856AF},Ward 2,,,,,,,,,,,,,,,,,,,,,,,,,,,,,
205,64003.0,Nehemiah Homes at Fort Dupont,https://app.dcoz.dc.gov/Content/Search/ViewCaseReport.aspx?case_id=01-12,"Official Digital Zoning Map of July 1, 2010",None,Final,01-12,0.0,0.0,{E26C6390-2337-4AD5-B632-31D780DD8BE4},Ward 7,,,,,,,,,,,,,,,,,,,,,,,,,,,,,
206,64004.0,Adams Morgan Garage & Residences,https://app.dcoz.dc.gov/Content/Search/ViewCaseReport.aspx?case_id=97-1,"Official Digital Zoning Map of July 1, 2010",None,Final,97-1,0.0,0.0,{8ACA3A07-EC64-41A6-A6E7-448B723EF477},Ward 1,,,,,,,,,,,,,,,,,,,,,,,,,,,,,
207,64005.0,Washington Hospital Center,https://app.dcoz.dc.gov/Content/Search/ViewCaseReport.aspx?case_id=94-21,"Official Digital Zoning Map of July 1, 2010",SP-1,Final,94-21,0.0,0.0,{F484EEE5-4BA7-4B6B-8834-548CBB019B14},Ward 5,,,,,,,,,,,,,,,,,,,,,,,,,,,,,
208,64006.0,BYU/Resources Center,https://app.dcoz.dc.gov/Content/Search/ViewCaseReport.aspx?case_id=93-15,"Official Digital Zoning Map of July 1, 2010","SP-1, R-5-E",Final,93-15,0.0,0.0,{BBE9E159-5803-49CE-9B20-FB033383AC27},Ward 2,,,,,,,,,,,,,,,,,,,,,,,,,,,,,
209,64007.0,Boston Properties II,https://app.dcoz.dc.gov/Content/Search/ViewCaseReport.aspx?case_id=87-18,"Official Digital Zoning Map of July 1, 2010",CR,Final,87-18,0.0,0.0,{4F3BC079-DF33-47E3-87EB-6B36FADF0BB2},Ward 2,,,,,,,,,,,,,,,,,,,,,,,,,,,,,
210,64008.0,Boston Properties,https://app.dcoz.dc.gov/Content/Search/ViewCaseReport.aspx?case_id=86-1,"Split from 87-18, 02/01/2011",CR,Final,86-1,0.0,0.0,{AB1CEDD3-8CE2-43FE-BFE7-AB63A6D9D987},Ward 2,,,,,,,,,,,,,,,,,,,,,,,,,,,,,
211,64009.0,Soapstone II,https://app.dcoz.dc.gov/Content/Search/ViewCaseReport.aspx?case_id=84-13,"Official Digital Zoning Map of July 1, 2010",C-3-A,Final,84-13,0.0,0.0,{FDB41DC7-81F1-4490-8627-1CC9D5FF4973},Ward 3,,,,,,,,,,,,,,,,,,,,,,,,,,,,,
212,64010.0,Ashmeade Associates,https://app.dcoz.dc.gov/Content/Search/ViewCaseReport.aspx?case_id=83-11,"Official Digital Zoning Map of July 1, 2010",None,Final,83-11,0.0,0.0,{1CF07513-1663-430B-B467-44E84978FD22},Ward 1,,,,,,,,,,,,,,,,,,,,,,,,,,,,,
213,64011.0,Childrens Hospital National Med. Ctr,https://app.dcoz.dc.gov/Content/Search/ViewCaseReport.aspx?case_id=88-34B,DC Register 9/25/17,SP-2,Final,88-34B,0.0,0.0,{EA85606F-7694-4813-973F-2311E6EF0630},Ward 5,,,,,,,,,,,,,,,,,,,,,,,,,,,,,
214,64012.0,Non-Profit Community Development Corp.,https://app.dcoz.dc.gov/Content/Search/ViewCaseReport.aspx?case_id=05-14A,"Official Digital Zoning Map of July 1, 2010",C-2-B,Final,05-14A,0.0,0.0,{68BAEBCB-06C1-4012-8ACB-D007BDF360ED},Ward 1,,,,,,,,,,,,,,,,,,,,,,,,,,,,,
215,64013.0,DCPS and GWU- School Without Walls,https://app.dcoz.dc.gov/Content/Search/ViewCaseReport.aspx?case_id=06-17,"Official Digital Zoning Map of July 1, 2010",SP-2,Final,06-17,0.0,0.0,{FA763315-5584-4FC0-A6CC-649269773243},Ward 2,,,,,,,,,,,,,,,,,,,,,,,,,,,,,
216,64014.0,Sibley Memorial Hospital,https://app.dcoz.dc.gov/Content/Search/ViewCaseReport.aspx?case_id=05-42,"Official Digital Zoning Map of July 1, 2010",SP-1,Final,05-42,0.0,0.0,{7A97C86E-64C7-45A4-9E6E-F05D10EE3A3A},Ward 3,,,,,,,,,,,,,,,,,,,,,,,,,,,,,
217,64015.0,MedStar Health - Wash. Hospital Center,https://app.dcoz.dc.gov/Content/Search/ViewCaseReport.aspx?case_id=04-17A,"Official Digital Zoning Map of July 1, 2010","SP-1, SP-2",Final,04-17A,0.0,0.0,{F008A44D-A7C9-4A2A-90C2-3638ED30C2C5},Ward 5,,,,,,,,,,,,,,,,,,,,,,,,,,,,,
218,64016.0,George Washington U. Residence Hall,https://app.dcoz.dc.gov/Content/Search/ViewCaseReport.aspx?case_id=03-29A,"Official Digital Zoning Map of July 1, 2010",None,Final,03-29A,0.0,0.0,{A339ABEC-E244-4895-BA13-DDBF055F1EEF},Ward 2,,,,,,,,,,,,,,,,,,,,,,,,,,,,,
219,64017.0,Lafayette Centre,https://app.dcoz.dc.gov/Content/Search/ViewCaseReport.aspx?case_id=84-17,"Official Digital Zoning Map of July 1, 2010",None,Final,84-17,0.0,0.0,{321FA447-068A-4802-B9B1-7E7CB5379D7C},Ward 2,,,,,,,,,,,,,,,,,,,,,,,,,,,,,
220,64018.0,One Judiciary Square,https://app.dcoz.dc.gov/Content/Search/ViewCaseReport.aspx?case_id=97-11,"Official Digital Zoning Map of July 1, 2010",C-3-C,Final,97-11,0.0,0.0,{B3DC3F83-114E-4DBA-9D4B-128AF37AE3F2},Ward 2,,,,,,,,,,,,,,,,,,,,,,,,,,,,,
221,64019.0,Pollin Memorial Community Dev.,https://app.dcoz.dc.gov/Content/Search/ViewCaseReport.aspx?case_id=06-30,"Official Digital Zoning Map of July 1, 2010",R-5-A,Final,06-30,0.0,0.0,{76FA7320-7895-4DB0-9309-7E362739EAC3},Ward 7,,,,,,,,,,,,,,,,,,,,,,,,,,,,,
222,64020.0,Georgetown University,https://app.dcoz.dc.gov/Content/Search/ViewCaseReport.aspx?case_id=78-17,"Official Digital Zoning Map of July 1, 2010",C-3-B,Final,78-17,0.0,0.0,{0B6D1013-0E0B-4FE8-AE7C-FA9B7B767002},Ward 2,,,,,,,,,,,,,,,,,,,,,,,,,,,,,
223,64022.0,G.W. Carver Senior Apartments,https://app.dcoz.dc.gov/Content/Search/ViewCaseReport.aspx?case_id=04-04A,"Official Digital Zoning Map of July 1, 2010",R-5-B,Final,04-04A,0.0,0.0,{C63F5317-E7AB-4F05-B0BD-26A109A5CEF4},Ward 7,,,,,,,,,,,,,,,,,,,,,,,,,,,,,
224,64023.0,Boston Properties et al,https://app.dcoz.dc.gov/Content/Search/ViewCaseReport.aspx?case_id=06-27,"Official Digital Zoning Map of July 1, 2010",C-3-C,Final,06-27,0.0,0.0,{034BE662-CAC0-4D15-B623-69DCF7C8280D},Ward 2,,,,,,,,,,,,,,,,,,,,,,,,,,,,,
225,64024.0,Republic of Italy,https://app.dcoz.dc.gov/Content/Search/ViewCaseReport.aspx?case_id=78-30,"Official Digital Zoning Map of July 1, 2010",R-5-C,Final,78-30,0.0,0.0,{1AA267C3-9A7C-4AD8-AB9E-EC3A246D6C70},Ward 3,,,,,,,,,,,,,,,,,,,,,,,,,,,,,
226,64025.0,Prudential Insurance Co. of America,https://app.dcoz.dc.gov/Content/Search/ViewCaseReport.aspx?case_id=79-19,"Official Digital Zoning Map of July 1, 2010",None,Final,79-19,0.0,0.0,{FF6073B2-B56C-4E4C-BECB-DF70BDB01C3B},Ward 3,,,,,,,,,,,,,,,,,,,,,,,,,,,,,
227,64026.0,Republic of France,https://app.dcoz.dc.gov/Content/Search/ViewCaseReport.aspx?case_id=78-20,"Official Digital Zoning Map of July 1, 2010",R-5-C,Final,78-20,0.0,0.0,{F73E3EA4-4C4B-42BF-AB18-4032C2666392},Ward 3,,,,,,,,,,,,,,,,,,,,,,,,,,,,,
228,64021.0,IMF Headquarters 2,https://app.dcoz.dc.gov/Content/Search/ViewCaseReport.aspx?case_id=01-13A,"Official Digital Zoning Map of July 1, 2010",C-4,Final,01-13A,0.0,0.0,{CB4BC4A2-515E-4668-AFC7-2C7149CD9BE9},Ward 2,,,,,,,,,,,,,,,,,,,,,,,,,,,,,
229,64027.0,CESC 2101 L St. LLC,https://app.dcoz.dc.gov/Content/Search/ViewCaseReport.aspx?case_id=70-16A,"Official Digital Zoning Map of July 1, 2010",C-3-B,Final,70-16A,0.0,0.0,{C270B543-B212-4CB5-8B3D-AD84AE962685},Ward 2,,,,,,,,,,,,,,,,,,,,,,,,,,,,,
230,64028.0,St. Martins Apartments,https://app.dcoz.dc.gov/Content/Search/ViewCaseReport.aspx?case_id=05-39,"Official Digital Zoning Map of July 1, 2010",R-5-B,Final,05-39,0.0,0.0,{A93E27B9-EE62-4452-9F11-702E1101DA4B},Ward 5,,,,,,,,,,,,,,,,,,,,,,,,,,,,,
231,64029.0,H Street Community Development Corp,https://app.dcoz.dc.gov/Content/Search/ViewCaseReport.aspx?case_id=05-25A,"Official Digital Zoning Map of July 1, 2010",None,Final,05-25A,0.0,0.0,{306CD495-1E69-4BD6-953D-4FAF25547384},Ward 5,,,,,,,,,,,,,,,,,,,,,,,,,,,,,
232,64030.0,Eastgate Senior Residences,https://app.dcoz.dc.gov/Content/Search/ViewCaseReport.aspx?case_id=04-37,"Official Digital Zoning Map of July 1, 2010",R-5-B,Final,04-37,0.0,0.0,{CD98BBC8-FF83-4EC7-ACD7-AD05E3DA1447},Ward 7,,,,,,,,,,,,,,,,,,,,,,,,,,,,,
233,64031.0,"Marriott International, Inc.",https://app.dcoz.dc.gov/Content/Search/ViewCaseReport.aspx?case_id=08-13,"Official Digital Zoning Map of July 1, 2010",DD/C-3-C,Final,08-13,0.0,0.0,{2EA1E2EF-0524-4766-95E1-C82F6C8D58B6},Ward 2,,,,,,,,,,,,,,,,,,,,,,,,,,,,,
234,64032.0,American Institute of Architects,https://app.dcoz.dc.gov/Content/Search/ViewCaseReport.aspx?case_id=08-27A,"PUD Time Extension June 22, 2009",C-3-C,Final,08-27A,0.0,0.0,{A9CC5466-8FEF-4553-B5D0-F3EC91882DE5},Ward 2,,,,,,,,,,,,,,,,,,,,,,,,,,,,,
235,64033.0,Georgia & Lamont L.P.,https://app.dcoz.dc.gov/Content/Search/ViewCaseReport.aspx?case_id=08-26,"Official Digital Zoning Map of July 1, 2010",GA/C-2-B,Final,08-26,0.0,0.0,{41C3A3F8-6EBA-46F4-9606-863543F6A017},Ward 1,,,,,,,,,,,,,,,,,,,,,,,,,,,,,
236,64034.0,Highlands Addition,https://app.dcoz.dc.gov/Content/Search/ViewCaseReport.aspx?case_id=06-45A,"Official Digital Zoning Map of July 1, 2010",R-5-B,Final,06-45A,0.0,0.0,{B8702D52-EAB4-4FB4-9FDA-C31605720868},Ward 8,,,,,,,,,,,,,,,,,,,,,,,,,,,,,
237,64035.0,Steuart - H Street LLC,https://app.dcoz.dc.gov/Content/Search/ViewCaseReport.aspx?case_id=06-01B,"Official Digital Zoning Map of July 1, 2010",C-2-B,Final,06-01B,0.0,0.0,{06DD0772-1DA5-4997-A235-6C8BEBDF34BC},Ward 6,,,,,,,,,,,,,,,,,,,,,,,,,,,,,
238,64036.0,PerStar M St. Partners LLC,https://app.dcoz.dc.gov/Content/Search/ViewCaseReport.aspx?case_id=07-21C,Modification 11/28/2011,None,Final,07-21C,0.0,0.0,{7AF594F1-A8B6-4A21-84D2-99B3BD1DBB0B},Ward 2,,,,,,,,,,,,,,,,,,,,,,,,,,,,,
239,64037.0,Kelsey Gardens Property Company LLC,https://app.dcoz.dc.gov/Content/Search/ViewCaseReport.aspx?case_id=08-14C,Minor Modification 7/28/14,C-2-C,Final,08-14C,0.0,0.0,{2592A848-7B8A-45DC-9F66-93B05D0B952C},Ward 6,,,,,,,,,,,,,,,,,,,,,,,,,,,,,
240,64038.0,American Pharmacists Association,https://app.dcoz.dc.gov/Content/Search/ViewCaseReport.aspx?case_id=04-01,"Official Digital Zoning Map of July 1, 2010",SP-2,Final,04-01,0.0,0.0,{BC3514BC-C8C6-4D6B-882A-52CAFA5D729A},Ward 2,,,,,,,,,,,,,,,,,,,,,,,,,,,,,
241,64039.0,The Salvation Army,https://app.dcoz.dc.gov/Content/Search/ViewCaseReport.aspx?case_id=04-35,"Official Digital Zoning Map of July 1, 2010",None,Final,04-35,0.0,0.0,{059420FC-53E2-4F92-AA69-C24128B54BAF},Ward 8,,,,,,,,,,,,,,,,,,,,,,,,,,,,,
242,64040.0,Eastgate Family Housing,https://app.dcoz.dc.gov/Content/Search/ViewCaseReport.aspx?case_id=05-24B,"Official Digital Zoning Map of July 1, 2010",None,Final,05-24B,0.0,0.0,{077F6400-074E-4AEA-A258-1F40EFCFDBC6},Ward 7,,,,,,,,,,,,,,,,,,,,,,,,,,,,,
243,64041.0,"Rocky Gorge at Fort Totten, LLC",https://app.dcoz.dc.gov/Content/Search/ViewCaseReport.aspx?case_id=04-11,"Official Digital Zoning Map of July 1, 2010",R-4,Final,04-11,0.0,0.0,{5B015065-1610-4753-B56C-FD176A3E77FF},Ward 5,,,,,,,,,,,,,,,,,,,,,,,,,,,,,
244,64042.0,Station Holdings LLC,https://app.dcoz.dc.gov/Content/Search/ViewCaseReport.aspx?case_id=05-37C,"Official Digital Zoning Map of July 1, 2010","C-2-A, C-2-B, C-3-C",Final,05-37C,0.0,0.0,{85B88180-9B9D-462B-A3C9-AC11EA17C88F},Ward 6,,,,,,,,,,,,,,,,,,,,,,,,,,,,,
245,64043.0,Mill Creek Residential Trust,https://app.dcoz.dc.gov/Content/Search/ViewCaseReport.aspx?case_id=05-38C,"Setdown 3/9/15, Approved 7/13/15, DC Register 8/25/17",C-3-C,Final,05-38C,0.0,0.0,{5F29931B-7FC3-4FE4-883D-D83C05AE894F},Ward 6,,,,,,,,,,,,,,,,,,,,,,,,,,,,,
246,64044.0,Capital Gateway Estates,https://app.dcoz.dc.gov/Content/Search/ViewCaseReport.aspx?case_id=03-03B,"Official Digital Zoning Map of July 1, 2010",R-5-A,Final,03-03B,0.0,0.0,{8C22128E-9F3F-41DD-94D2-6BAFF8113F15},Ward 7,,,,,,,,,,,,,,,,,,,,,,,,,,,,,
247,64045.0,5401 Western Avenue,https://app.dcoz.dc.gov/Content/Search/ViewCaseReport.aspx?case_id=04-06,"Official Digital Zoning Map of July 1, 2010",R-5-C,Final,04-06,0.0,0.0,{91C84CE8-A23F-4773-A538-1029BFA22EC3},Ward 3,,,,,,,,,,,,,,,,,,,,,,,,,,,,,
248,64046.0,George Washington University,https://app.dcoz.dc.gov/Content/Search/ViewCaseReport.aspx?case_id=80-11,"Official Digital Zoning Map of July 1, 2010",C-3-C,Final,80-11,0.0,0.0,{8793E772-4406-4E05-BE14-9DCF2DB7743D},Ward 2,,,,,,,,,,,,,,,,,,,,,,,,,,,,,
249,64047.0,Jemals Darth Vader LLC,https://app.dcoz.dc.gov/Content/Search/ViewCaseReport.aspx?case_id=80-07A,PUD Modification Setdown 7/11/16,C-4,Final,80-07A,0.0,0.0,{82BC9EA8-C359-4C2C-9D9F-2B398A3A633C},Ward 6,,,,,,,,,,,,,,,,,,,,,,,,,,,,,
250,64048.0,Walter Washington Estates,https://app.dcoz.dc.gov/Content/Search/ViewCaseReport.aspx?case_id=00-16,"Official Digital Zoning Map of July 1, 2010",R-5-A,Final,00-16,0.0,0.0,{6B04A684-E340-4B3A-BE27-ADDF1C6F716A},Ward 8,,,,,,,,,,,,,,,,,,,,,,,,,,,,,
251,64049.0,McLean Gardens,https://app.dcoz.dc.gov/Content/Search/ViewCaseReport.aspx?case_id=87-17,"Official Digital Zoning Map of July 1, 2010","R-5-B, C-2-B, C-2-A",Final,87-17,0.0,0.0,{FF1FE4C9-138B-4AF3-BDFA-B72C6FDDC41A},Ward 3,,,,,,,,,,,,,,,,,,,,,,,,,,,,,
252,64050.0,Retirement Housing Foundation,https://app.dcoz.dc.gov/Content/Search/ViewCaseReport.aspx?case_id=01-24,"Official Digital Zoning Map of July 1, 2010",C-2-A,Final,01-24,0.0,0.0,{2EE21DC5-CF68-438F-92EC-C279F1172C25},Ward 5,,,,,,,,,,,,,,,,,,,,,,,,,,,,,
253,64051.0,Bryan School,https://app.dcoz.dc.gov/Content/Search/ViewCaseReport.aspx?case_id=00-34,"Official Digital Zoning Map of July 1, 2010",R-5-B,Final,00-34,0.0,0.0,{ADC2FB9D-5E08-4988-BF4E-D7313970D8B3},Ward 6,,,,,,,,,,,,,,,,,,,,,,,,,,,,,
254,64052.0,Broadway Atlantic One LLC,https://app.dcoz.dc.gov/Content/Search/ViewCaseReport.aspx?case_id=05-17C/05-32C,"Official Digital Zoning Map of July 1, 2010",None,Final,05-17C/05-32C,0.0,0.0,{58AED01C-5B98-4D7A-9B56-B3BFDAF95F28},Ward 1,,,,,,,,,,,,,,,,,,,,,,,,,,,,,
255,64053.0,Valley Green/Skytower,https://app.dcoz.dc.gov/Content/Search/ViewCaseReport.aspx?case_id=98-3,"Official Digital Zoning Map of July 1, 2010",None,Final,98-3,0.0,0.0,{7B45C347-ED40-4E33-9C5A-7DB8AA776C09},Ward 8,,,,,,,,,,,,,,,,,,,,,,,,,,,,,
256,64054.0,Tenley Park LLC,https://app.dcoz.dc.gov/Content/Search/ViewCaseReport.aspx?case_id=00-03,"Official Digital Zoning Map of July 1, 2010",R-5-B,Final,00-03,0.0,0.0,{02194DEC-5531-418B-BEA3-B159D4CEE023},Ward 3,,,,,,,,,,,,,,,,,,,,,,,,,,,,,
257,64055.0,Blair Road LP,https://app.dcoz.dc.gov/Content/Search/ViewCaseReport.aspx?case_id=76-3,"Official Digital Zoning Map of July 1, 2010",R-5-A,Final,76-3,0.0,0.0,{7932CC67-5623-493B-A343-0A4D0EC8D22C},Ward 4,,,,,,,,,,,,,,,,,,,,,,,,,,,,,
258,64056.0,Oxon Creek,https://app.dcoz.dc.gov/Content/Search/ViewCaseReport.aspx?case_id=97-10,"Official Digital Zoning Map of July 1, 2010",R-5-A,Final,97-10,0.0,0.0,{BBF4C098-ADDF-4E4C-94DA-0265B6B9F888},Ward 8,,,,,,,,,,,,,,,,,,,,,,,,,,,,,
259,64057.0,Fredrick Douglas Stanton,https://app.dcoz.dc.gov/Content/Search/ViewCaseReport.aspx?case_id=01-18,"Official Digital Zoning Map of July 1, 2010",R-5-A,Final,01-18,0.0,0.0,{94C5E3A4-8005-4B63-8F97-A7EC6C239996},Ward 8,,,,,,,,,,,,,,,,,,,,,,,,,,,,,
260,64058.0,Sumner School Project,https://app.dcoz.dc.gov/Content/Search/ViewCaseReport.aspx?case_id=82-14,"Official Digital Zoning Map of July 1, 2010",C-4,Final,82-14,0.0,0.0,{5AD5DD5C-A086-4A30-8B28-1B1AC1CE4020},Ward 2,,,,,,,,,,,,,,,,,,,,,,,,,,,,,
261,64059.0,K/26 Partnership,https://app.dcoz.dc.gov/Content/Search/ViewCaseReport.aspx?case_id=84-16,"Official Digital Zoning Map of July 1, 2010",R-5-D,Final,84-16,0.0,0.0,{BE390A6A-2661-4733-B60F-2A84297BEDA6},Ward 2,,,,,,,,,,,,,,,,,,,,,,,,,,,,,
262,64060.0,Chevy Chase Pavilion,https://app.dcoz.dc.gov/Content/Search/ViewCaseReport.aspx?case_id=85-16,"Official Digital Zoning Map of July 1, 2010",C-3-B,Final,85-16,0.0,0.0,{272361D2-B51C-408B-8B51-3331A14AC3A1},Ward 3,,,,,,,,,,,,,,,,,,,,,,,,,,,,,
263,64061.0,Abrams & Associates,https://app.dcoz.dc.gov/Content/Search/ViewCaseReport.aspx?case_id=85-20,"Official Digital Zoning Map of July 1, 2010",C-3-B,Final,85-20,0.0,0.0,{98CE9D36-65BA-4877-B634-4CB917CAB58F},Ward 3,,,,,,,,,,,,,,,,,,,,,,,,,,,,,
264,64063.0,Mayfair House,https://app.dcoz.dc.gov/Content/Search/ViewCaseReport.aspx?case_id=87-24,"Official Digital Zoning Map of July 1, 2010",C-3-C,Final,87-24,0.0,0.0,{14FA1428-4A3D-43BE-A6A2-54A71CE95794},Ward 2,,,,,,,,,,,,,,,,,,,,,,,,,,,,,
265,64064.0,Penn Plaza,https://app.dcoz.dc.gov/Content/Search/ViewCaseReport.aspx?case_id=87-29,"Official Digital Zoning Map of July 1, 2010",C-3-C,Final,87-29,0.0,0.0,{0B3C0F01-C6EC-45DF-874D-9198B3A7E920},Ward 2,,,,,,,,,,,,,,,,,,,,,,,,,,,,,
266,64065.0,Wynmark Development Corporation,https://app.dcoz.dc.gov/Content/Search/ViewCaseReport.aspx?case_id=88-2,"Official Digital Zoning Map of July 1, 2010",None,Final,88-2,0.0,0.0,{5920B9B7-BD38-4B91-B706-EDD3C5ABC9BC},Ward 2,,,,,,,,,,,,,,,,,,,,,,,,,,,,,
267,64066.0,Gonzaga,https://app.dcoz.dc.gov/Content/Search/ViewCaseReport.aspx?case_id=89-14,"Official Digital Zoning Map of July 1, 2010",C-3-C,Final,89-14,0.0,0.0,{8F0E9420-3B0B-4C34-AA3B-E09CB630BB94},Ward 6,,,,,,,,,,,,,,,,,,,,,,,,,,,,,
268,64067.0,1212 Mass. Ave.,https://app.dcoz.dc.gov/Content/Search/ViewCaseReport.aspx?case_id=89-22,"Official Digital Zoning Map of July 1, 2010",C-3-C,Final,89-22,0.0,0.0,{A95D8FB8-BF3C-44DE-B765-BE5ABEC83EA7},Ward 2,,,,,,,,,,,,,,,,,,,,,,,,,,,,,
269,64068.0,Brookings Institute,https://app.dcoz.dc.gov/Content/Search/ViewCaseReport.aspx?case_id=89-2,"Official Digital Zoning Map of July 1, 2010",SP-2,Final,89-2,0.0,0.0,{4FD75CD4-9523-42F9-8455-55513D9BABD4},Ward 2,,,,,,,,,,,,,,,,,,,,,,,,,,,,,
270,64062.0,St. Matthews Cathedral,https://app.dcoz.dc.gov/Content/Search/ViewCaseReport.aspx?case_id=85-19,"Official Digital Zoning Map of July 1, 2010",C-3-C,Final,85-19,0.0,0.0,{592CF42C-F7D9-4F71-B8BC-19C3A0419585},Ward 2,,,,,,,,,,,,,,,,,,,,,,,,,,,,,
271,64069.0,Franklin Plaza,https://app.dcoz.dc.gov/Content/Search/ViewCaseReport.aspx?case_id=89-7,"Official Digital Zoning Map of July 1, 2010",C-4,Final,89-7,0.0,0.0,{58B61B7B-CED4-41F3-8ED2-5480A5AB654A},Ward 2,,,,,,,,,,,,,,,,,,,,,,,,,,,,,
272,64070.0,International Monetary Fund,https://app.dcoz.dc.gov/Content/Search/ViewCaseReport.aspx?case_id=91-7,"Official Digital Zoning Map of July 1, 2010",C-3-C,Final,91-7,0.0,0.0,{C6FCEB94-AED7-4753-8B88-8E38B1F86E56},Ward 2,,,,,,,,,,,,,,,,,,,,,,,,,,,,,
273,64071.0,IBG/Citistate,https://app.dcoz.dc.gov/Content/Search/ViewCaseReport.aspx?case_id=92-4,"Official Digital Zoning Map of July 1, 2010",R-5-D,Final,92-4,0.0,0.0,{4D03C3BC-A19B-47AE-B1B6-0F6C3F8B07B0},Ward 2,,,,,,,,,,,,,,,,,,,,,,,,,,,,,
274,64072.0,1333 New Hampshire Avenue,https://app.dcoz.dc.gov/Content/Search/ViewCaseReport.aspx?case_id=92-5,"Official Digital Zoning Map of July 1, 2010",C-3-B,Final,92-5,0.0,0.0,{3046779C-F5DE-4407-8065-F92972BC7F6E},Ward 2,,,,,,,,,,,,,,,,,,,,,,,,,,,,,
275,64074.0,Arts Club of Washington,https://app.dcoz.dc.gov/Content/Search/ViewCaseReport.aspx?case_id=94-12,"Official Digital Zoning Map of July 1, 2010",C-3-C,Final,94-12,0.0,0.0,{CAC64D3F-4601-48C6-9CC3-9AD6B04EC1CC},Ward 2,,,,,,,,,,,,,,,,,,,,,,,,,,,,,
276,64075.0,Catholic University,https://app.dcoz.dc.gov/Content/Search/ViewCaseReport.aspx?case_id=96-9,"Official Digital Zoning Map of July 1, 2010",SP-1,Final,96-9,0.0,0.0,{E98D6337-928B-4165-9C0E-1579E61672F6},Ward 5,,,,,,,,,,,,,,,,,,,,,,,,,,,,,
277,64076.0,Challenger Court Corporation,https://app.dcoz.dc.gov/Content/Search/ViewCaseReport.aspx?case_id=98-10,"Official Digital Zoning Map of July 1, 2010",R-5-B,Final,98-10,0.0,0.0,{89F1668C-7945-4285-813C-6B81EBCD7550},Ward 6,,,,,,,,,,,,,,,,,,,,,,,,,,,,,
278,64077.0,Millennium Partners,https://app.dcoz.dc.gov/Content/Search/ViewCaseReport.aspx?case_id=98-1,"Official Digital Zoning Map of July 1, 2010",CR,Final,98-1,0.0,0.0,{E3AC612E-67B4-4FA1-8AAB-52C0D46BE5C8},Ward 2,,,,,,,,,,,,,,,,,,,,,,,,,,,,,
279,64078.0,Fort Totten Solid Waste Handling Fac.,https://app.dcoz.dc.gov/Content/Search/ViewCaseReport.aspx?case_id=03-28,"Official Digital Zoning Map of July 1, 2010",FT/M,Final,03-28,0.0,0.0,{EE9651C9-9131-4C36-A4EC-6E5E5E957DA4},Ward 5,,,,,,,,,,,,,,,,,,,,,,,,,,,,,
280,64079.0,CSX Realty Development Corp. & FF Realty,https://app.dcoz.dc.gov/Content/Search/ViewCaseReport.aspx?case_id=05-23B,"Official Digital Zoning Map of July 1, 2010",C-3-C,Final,05-23B,0.0,0.0,{8FA0FBB9-5D7E-400B-AA8A-A23E8E053A19},Ward 5,,,,,,,,,,,,,,,,,,,,,,,,,,,,,
281,64080.0,Douglas Development Corp. - 6th & L NW,https://app.dcoz.dc.gov/Content/Search/ViewCaseReport.aspx?case_id=06-21B,"Official Digital Zoning Map of July 1, 2010",DD/C-2-C,Final,06-21B,0.0,0.0,{86CDA5C2-E6A2-4144-9EC7-D99A1CC905EF},Ward 6,,,,,,,,,,,,,,,,,,,,,,,,,,,,,
282,64081.0,John Akridge Dev. Co. - 5220 Wisc.,https://app.dcoz.dc.gov/Content/Search/ViewCaseReport.aspx?case_id=06-31B,"Official Digital Zoning Map of July 1, 2010",C-2-B,Final,06-31B,0.0,0.0,{AB469B07-189C-427F-A7C0-EC4F28366F7C},Ward 3,,,,,,,,,,,,,,,,,,,,,,,,,,,,,
283,64082.0,"Highland Park West, LLC, et al.",https://app.dcoz.dc.gov/Content/Search/ViewCaseReport.aspx?case_id=07-02C,Modification 7/11/11,C-3-A,Final,07-02C,0.0,0.0,{558ABCBC-1BC6-4CD5-87C7-C603AD3DF963},Ward 1,,,,,,,,,,,,,,,,,,,,,,,,,,,,,
284,,,,,,,,,,,,06-08,"Commodore Joshua Barney Dr NE, Washington, District of Columbia 20018",Fort Lincoln Multifamily,Under Construction,DMPED OP,0.0,18.0,19.0,18.0,0.0,55.0,Ward 5,  ,  ,  ,  ,  ,  ,  ,-76.95618027,38.92847879999999,123.0,38.928471,-76.95617800000001,,403799.7723,140066.7309,,2019-02-11T04:00:24.000Z
285,,,,,,,,,,,,08-34,"300 MASSACHUSETTS AVENUE NW, Washington, District of Columbia 20001",Capitol Crossing,Under Construction,DMPED OP,0.0,0.0,0.0,50.0,0.0,50.0,Ward 2,  ,  ,  ,  ,  ,  ,  ,-77.0156681,38.89964972,147.0,38.89964227,-77.01566581,279643.0,398641.08,136865.67,300 MASSACHUSETTS AVENUE NW,2019-02-11T04:00:24.000Z
286,,,,,,,,,,,,15-20,"45 K St NW, Washington, District of Columbia 20001",Northwest One - North Capitol and K Streets NW,Pipeline,DMPED OP,211.0,75.0,93.0,8.0,0.0,387.0,Ward 6,PUD,6e06,1131( 6 buildings),199,14units with more than 3 bdrms,0,60-80%,-77.01071479,38.90336920000001,189.0,38.90336175,-77.0107125,290893.0,399070.8,137278.5,45 K STREET NW,2019-02-11T04:00:24.000Z
287,,,,,,,,,,,,15-34,"2251 Sherman Avenue Northwest, Washington, District of Columbia 20001",The Wren,Under Construction,DMPED OP,32.0,94.0,0.0,0.0,0.0,126.0,Ward 1,PUD,1B11,428,0.3,,rental,0.5,-77.02464967,38.92031827,223.0,38.92031081,-77.02464738,284325.0,397862.6,139160.22,2251 SHERMAN AVENUE NW,2019-02-11T04:00:24.000Z
288,,,,,,,,,,,,09-03,"Good Hope Rd SE, Washington, District of Columbia 20020",Skyland Town Center,Under Construction,DMPED OP,0.0,0.0,0.0,95.0,48.0,143.0,Ward 7,  ,  ,  ,  ,  ,  ,  ,-76.96819702,38.85891434,227.0,38.85890656,-76.96819474,,402760.5,132344.09699999998,,2019-02-11T04:00:24.000Z
289,,,,,,,,,,,,11-03A,"1300 Maine Ave SW, Washington, District of Columbia 20024",The Wharf Phase I,Completed 2015 to Date,DMPED OP,63.0,0.0,73.0,49.0,0.0,185.0,Ward 6,  ,  ,  ,  ,  ,  ,  ,-77.02960123,38.88213168,235.0,38.88212423,-77.02959894,302192.0,397431.83,134921.33,1300 MAINE AVENUE SW,2019-02-11T04:00:24.000Z
290,,,,,,,,,,,,11-13,"222 M St SW, Washington, District of Columbia 20024",St. Matthews Redevelopment,Under Construction,DHCD OP,0.0,0.0,0.0,23.0,0.0,23.0,Ward 6,  ,  ,  ,  ,  ,  ,  ,-77.01470964,38.87613455,418.0,38.87604341,-77.01472774,277791.0,398723.8,134255.29,222 M STREET SW,2019-02-11T04:00:24.000Z
291,,,,,,,,,,,,12-18,"600 H Street, NE, Washington, District of Columbia",The Apollo,Completed 2015 to Date,DHCD OP,0.0,3.0,0.0,32.0,0.0,35.0,Ward 6,PUD,6C05,450,8% of total,,,0,-76.99738963,38.90041177,429.0,38.90039703,-76.99814509999999,311750.0,400226.63,136950.15,600 H STREET NE,2019-02-11T04:00:24.000Z
292,,,,,,,,,,,,13-05,"125 O St SE, Washington, District of Columbia","DC Water Parcels - F1, G1, G2",Pipeline,DMPED OP,90.0,90.0,0.0,48.0,0.0,228.0,Ward 6,PUD,6D07,600,48,0,0,80% AMI only,-77.00413728,38.87294778,444.0,38.87294,-77.00413499999999,,399641.1781,133901.4399,,2019-02-11T04:00:24.000Z
293,,,,,,,,,,,,16-11,"3012 Georgia Avenue Northwest, Washington, District of Columbia 20001",Bruce Monroe Build First,Pipeline,DMPED OP,90.0,0.0,111.0,0.0,0.0,201.0,Ward 1,PUD,1A10,"Project will include a total of 273 residential units, with 189 units in the apartment house,
76 units in the senior building, and eight townhomes. Ninety units will be public housing
replacement units, 109-113 units will be workforce affordable units, and 70-74 units will
be market rate. ",0,0,0,0,-77.02341905,38.92881688,447.0,,,294551.0,397969.56,140103.61,3012 GEORGIA AVENUE NW,2019-02-11T04:00:24.000Z
294,,,,,,,,,,,,10-03,"901 H Street Northeast, Washington, District of Columbia 20002",Avec,Under Construction,DHCD OP,0.0,0.0,0.0,32.0,0.0,32.0,Ward 6,  ,  ,  ,  ,  ,  ,  ,-76.99372956,38.90004301,1075.0,38.900034999999995,-76.993727,289048.0,400544.12,136909.23,901 H STREET NE,2019-02-11T04:00:24.000Z
295,,,,,,,,,,,,12-14/12-14A,"301 M Street Southwest, Washington, District of Columbia 20024",301 M,Completed 2015 to Date,DHCD OP,0.0,0.0,0.0,15.0,0.0,15.0,Ward 6,PUD,6D01,359 ( 2 buildings),8% of total,only 1 & 2 bdrm units,,0,-77.01561594,38.8767598,1167.0,38.876752,-77.015614,312585.0,398645.17,134324.71,301 M STREET SW,2019-02-11T04:00:24.000Z
296,,,,,,,,,,,,14-07,"1270 4th Street Northeast, Washington, District of Columbia 20002",Union Market Apartments,Under Construction,DHCD OP,0.0,11.0,0.0,27.0,0.0,38.0,Ward 5,Time Extension,8e06,0,0,0,0,0,-76.99956185,38.90897649,1168.0,38.908969,-76.99956,286000.0,400038.2,137900.9,1270 4TH STREET NE,2019-02-11T04:00:24.000Z
297,,,,,,,,,,,,11-08,"2700 16th Street Northwest, Washington, District of Columbia 20009",Il Palazzo,Under Construction,DHCD OP,0.0,0.0,0.0,8.0,0.0,8.0,Ward 1,  ,  ,  ,  ,  ,  ,  ,-77.03688171,38.9250419,1171.0,38.925034000000004,-77.036879,235882.0,396802.06,139684.94,2700 16TH STREET NW,2019-02-11T04:00:24.000Z
298,,,,,,,,,,,,12-02,"50 Florida Avenue Northeast, Washington, District of Columbia 20002",The Lexicon,Under Construction,DHCD OP,0.0,0.0,0.0,16.0,0.0,16.0,Ward 5,PUD,5e04,182,16,,,0,-77.00751146,38.91038047,1193.0,38.910373,-77.007509,302309.0,399348.72,138056.78,50 FLORIDA AVENUE NE,2019-02-11T04:00:24.000Z
299,,,,,,,,,,,,15-01,"320 Florida Avenue Northeast, Washington, District of Columbia 20002",The Highline at Union Market,Under Construction,DHCD OP,0.0,7.0,0.0,20.0,0.0,27.0,Ward 5,PUD,5D01,between 285 & 346,26,,mix,0.5,-77.00146559999999,38.90786629,1203.0,38.907859,-77.001463,287746.0,399873.08,137777.66,320 FLORIDA AVENUE NE,2019-02-11T04:00:24.000Z
300,,,,,,,,,,,,17-13,"1550 1st St SW, Washington, District of Columbia 20024",1550 1st St SW,Pipeline,DHCD OP,16.0,60.0,0.0,0.0,0.0,76.0,Ward 6,design review,6D06,0,0,0,0,0,-77.01184164,38.87090019,1212.0,38.870893,-77.011839,60745.0,398972.59,133674.2,1550 1ST STREET SW,2019-02-11T04:00:24.000Z
301,,,,,,,,,,,,15-33,"1339 E Street Southeast, Washington, District of Columbia 20003",Lockwood Apartments,Under Construction,DHCD OP,0.0,8.0,0.0,5.0,0.0,13.0,Ward 6,PUD,6B06,153,15,multiple 3 bdrm units,mix,50-80%,-76.98662579999998,38.88262202,1229.0,38.882642,-76.986649,289426.0,401160.61,134975.43,1339 E STREET SE,2019-02-11T04:00:24.000Z
302,,,,,,,,,,,,16-16,"227 Tingey Street Southeast, Washington, District of Columbia 20376",The Yards Parcel L2 - The Estate,Under Construction,DHCD OP,0.0,53.0,0.0,0.0,0.0,53.0,Ward 6,design review,6D07,0,0,0,0,0,-77.00255222,38.8747314,1255.0,38.874724,-77.00255,313295.0,399778.73,134099.43,227 TINGEY STREET SE,2019-02-11T04:00:24.000Z
303,,,,,,,,,,,,06-14D,"100 Florida Avenue Northeast, Washington, District of Columbia 20002",Wash Gateway - Mid Atlantic major modification,Under Construction,OP,0.0,0.0,8.0,22.0,0.0,30.0,Ward 5,  ,  ,  ,  ,  ,  ,  ,-77.00375045,38.90881059,1277.0,,,306456.0,399674.91,137882.49,100 FLORIDA AVENUE NE,2019-02-11T04:00:24.000Z
304,,,,,,,,,,,,04-14D,"1620 South Capitol Street Southeast, Washington, District of Columbia 20593",Florida Rock PUD - stage 2 residential building,Under Construction,OP,0.0,0.0,6.0,18.0,0.0,24.0,Ward 6,  ,  ,  ,  ,  ,  ,  ,-77.00871853,38.8698717,1278.0,,,277754.0,399243.6,133560.0,1620 SOUTH CAPITOL STREET SE,2019-02-11T04:00:24.000Z
305,,,,,,,,,,,,16-13,"220 L Street Northeast, Washington, District of Columbia 20002",1609 Congress Street NE,Under Construction,OP,0.0,0.0,5.0,3.0,0.0,8.0,Ward 6,PUD,6C06,unlisted,12% of unlisted total,0,0,0,-77.00265311,38.90391989,1281.0,,,50717.0,399770.07,137339.58,220 L STREET NE,2019-02-11T04:00:24.000Z
306,,,,,,,,,,,,15-15,,"1500 HARRY THOMAS WAY NE, Washington, DC 20002",Under Construction,OP,0.0,0.0,28.0,28.0,0.0,56.0,Ward 5,PUD,5e03,695 (4 buildings),55,,mix,0.8,,,1295.0,399795.21,138234.6,,5980048.807,21806401.71,,2019-02-11T04:00:24.000Z
307,,,,,,,,,,,,17-05,"2100 2nd Street Southwest, Washington, District of Columbia 20593",2100 2nd Street SW,Under Construction,DHCD OP,0.0,4.0,3.0,0.0,0.0,7.0,Ward 6,design review,6D05,0,0,0,0,0,-77.01294931,38.86413439,1379.0,,,277778.0,398876.36,132923.16,2100 2ND STREET SW,2019-02-11T04:00:24.000Z
308,,,,,,,,,,,,15-29,7828 Georgia Ave NW,"7828 Georgia Ave NW, Jemals Gateway",Pipeline,OP,0.0,0.0,16.0,16.0,0.0,32.0,,PUD,6C06,199,0.16,,mix,0.8,-81.52919213,37.57726919,1388.0,,,,0.0,0.0,,2019-02-11T04:00:24.000Z
309,,,,,,,,,,,,13-09,,Stanton Square Apartments,Pipeline,DHCD OP,13.0,108.0,0.0,3.0,0.0,124.0,Ward 8,PUD,8B04,"162, 42 being townhouses",10% of residential units,1-3 bedrooms per family unit,mix,0.6,-81.52919213,37.57726919,1428.0,,,,0.0,0.0,,2019-02-11T04:00:24.000Z
310,,,,,,,,,,,,08-30B,,JBG (formerly Akridge) north of ballaprk,Pipeline,OP,0.0,0.0,3.0,8.0,0.0,11.0,,  ,  ,  ,  ,  ,  ,  ,-81.52919213,37.57726919,1481.0,,,,0.0,0.0,,2019-02-11T04:00:24.000Z
